,language,language_test,r
0,du,it,0.3956681741933986
1,du,en,0.1640431255846062
2,du,no,0.3908495170495973
3,du,sp,0.4237199955572254
4,du,tr,0.36886262083097265
5,du,it,0.3389305911484199
6,du,en,0.26414867058073643
7,du,no,0.43769438915235903
8,du,sp,0.2811914004685381
9,du,tr,0.28066812700601895
10,du,it,0.34730433246129516
11,du,en,0.3613736659095715
12,du,no,0.5001068571766818
13,du,sp,0.3606766345663081
14,du,tr,0.1863292490142093
15,du,it,0.35077358641068895
16,du,en,0.42858175938844034
17,du,no,0.3137793500157474
18,du,sp,0.26751601515872614
19,du,tr,0.24531025334112935
20,du,it,0.3410127655843178
21,du,en,0.22942155293906039
22,du,no,0.36239640762286957
23,du,sp,0.20169476719387364
24,du,tr,0.26638111749324334
25,du,it,0.46461017650364567
26,du,en,0.33667727491217986
27,du,no,0.4114344849285026
28,du,sp,0.38235164048704967
29,du,tr,0.2374772322148793
30,du,it,0.46687812512209625
31,du,en,0.2054913142445368
32,du,no,0.36371034758553783
33,du,sp,0.3173791026800532
34,du,tr,0.32487508210594557
35,du,it,0.472359131223172
36,du,en,0.24632631072873015
37,du,no,0.5088036278710791
38,du,sp,0.2912549870384831
39,du,tr,0.1477469854106647
40,du,it,0.46560558389521156
41,du,en,0.2169911555382413
42,du,no,0.3433732716096509
43,du,sp,0.3322171582811258
44,du,tr,0.2364088825560855
45,du,it,0.47610990407569664
46,du,en,0.13914985596072998
47,du,no,0.4537841571312418
48,du,sp,0.06437939917139048
49,du,tr,0.21572548444193998
50,du,it,0.3930924536966734
51,du,en,0.2490586328655121
52,du,no,0.3962707495818481
53,du,sp,0.25069807540379996
54,du,tr,0.19578274181057134
55,du,it,0.4793155050501915
56,du,en,0.22317948187840117
57,du,no,0.41465076057801614
58,du,sp,0.2630675311290715
59,du,tr,0.304471732711835
60,it,du,0.13743228951916422
61,it,en,0.4513340731906778
62,it,no,0.3308211427473879
63,it,sp,0.6257441138153415
64,it,tr,0.4071954691212336
65,it,du,0.28375359433373315
66,it,en,0.369943833462635
67,it,no,0.3909566982112323
68,it,sp,0.6498067099434043
69,it,tr,0.3796270179659254
70,it,du,0.3928537187095451
71,it,en,0.4198082687289305
72,it,no,0.3571632945442618
73,it,sp,0.6644453769662998
74,it,tr,0.24417412206259675
75,it,du,0.5294378239936647
76,it,en,0.550808692353415
77,it,no,0.20894736697948588
78,it,sp,0.6721795928961884
79,it,tr,0.4458275768411459
80,it,du,0.3538845810480089
81,it,en,0.38410191188388565
82,it,no,0.3576440448492927
83,it,sp,0.5348147078447023
84,it,tr,0.41702184800115993
85,it,du,0.36743716287202527
86,it,en,0.4240965642647951
87,it,no,0.30308980859479484
88,it,sp,0.6161995604482361
89,it,tr,0.4085904857222223
90,it,du,0.3222515207822189
91,it,en,0.32615323526893597
92,it,no,0.16140079088674555
93,it,sp,0.5704806240082573
94,it,tr,0.38507287155465325
95,it,du,0.27682148126494677
96,it,en,0.45595161498806125
97,it,no,0.41779288019463545
98,it,sp,0.6012174923499207
99,it,tr,0.36087363204053424
100,it,du,0.418022268713175
101,it,en,0.3961026898837381
102,it,no,0.17913179419895756
103,it,sp,0.5447360469701461
104,it,tr,0.40241645752354643
105,it,du,0.3025302748395017
106,it,en,0.35331377059177965
107,it,no,0.33882272964332244
108,it,sp,0.5608784237637777
109,it,tr,0.36488181166137046
110,it,du,0.23891257725254963
111,it,en,0.4295302897184988
112,it,no,0.25877655288296963
113,it,sp,0.6692357938290432
114,it,tr,0.21013319548147863
115,it,du,0.31370813640330375
116,it,en,0.319602267765088
117,it,no,0.3021199674396455
118,it,sp,0.6503750536388075
119,it,tr,0.3369716265704955
120,en,du,0.26196940758302156
121,en,it,0.45427644921627097
122,en,no,0.39385429707222425
123,en,sp,0.4978768323057652
124,en,tr,0.30791661407652815
125,en,du,0.408535245976006
126,en,it,0.5433303817175202
127,en,no,0.4354308613270688
128,en,sp,0.5637641645923295
129,en,tr,0.2597875859207631
130,en,du,0.4459311604869357
131,en,it,0.5550253708408501
132,en,no,0.4664077323395304
133,en,sp,0.6167755476922248
134,en,tr,0.1501505688215153
135,en,du,0.5742901025080462
136,en,it,0.6006041866793943
137,en,no,0.28595163021750925
138,en,sp,0.6398348819952769
139,en,tr,0.31264692295323765
140,en,du,0.4648287190583971
141,en,it,0.5353745849797575
142,en,no,0.3745977061654909
143,en,sp,0.4659746551337214
144,en,tr,0.283988256860258
145,en,du,0.3569313171643727
146,en,it,0.595708185022882
147,en,no,0.3562020888465344
148,en,sp,0.5159967966241975
149,en,tr,0.30922771863173343
150,en,du,0.4920300837578222
151,en,it,0.5345382071324809
152,en,no,0.3451648101194701
153,en,sp,0.5012763856276714
154,en,tr,0.3577053891251824
155,en,du,0.3498385254889037
156,en,it,0.5578563141246831
157,en,no,0.47928621602507604
158,en,sp,0.5543660962068117
159,en,tr,0.24090140787172656
160,en,du,0.5271368215035527
161,en,it,0.616885294332481
162,en,no,0.22826792675821467
163,en,sp,0.4987029101991259
164,en,tr,0.25488058681940085
165,en,du,0.3531604964640527
166,en,it,0.5862477715487859
167,en,no,0.45022826256295245
168,en,sp,0.4537711186521104
169,en,tr,0.2658568102942165
170,en,du,0.3123397439421596
171,en,it,0.6230707021811188
172,en,no,0.35707386830819404
173,en,sp,0.6066953317870726
174,en,tr,0.24439097625309217
175,en,du,0.3810757756500194
176,en,it,0.6069954541295229
177,en,no,0.3288917117626886
178,en,sp,0.6135110201543609
179,en,tr,0.250527699498297
180,no,du,0.32467145320352325
181,no,it,0.5005458725150895
182,no,en,0.35550924029150843
183,no,sp,0.503781857351073
184,no,tr,0.40055204328279537
185,no,du,0.43356579998327177
186,no,it,0.28723240603868405
187,no,en,0.29669668074663647
188,no,sp,0.31914260736118505
189,no,tr,0.11807130849349146
190,no,du,0.4531736680272277
191,no,it,0.17009663065432223
192,no,en,0.37524666983584076
193,no,sp,0.28542203616469664
194,no,tr,0.056033812591838546
195,no,du,0.38169334437278646
196,no,it,0.24629784711019748
197,no,en,0.38525844705091133
198,no,sp,0.25991317814960213
199,no,tr,0.26207787070072014
200,no,du,0.4778109157351603
201,no,it,0.24023569108213144
202,no,en,0.4231123810326667
203,no,sp,0.14658881478047098
204,no,tr,0.05921418936522914
205,no,du,0.4935188521224595
206,no,it,0.5841901528044036
207,no,en,0.5200854884624532
208,no,sp,0.528398594097173
209,no,tr,0.2987128940527025
210,no,du,0.5054847353885705
211,no,it,0.33453573128066655
212,no,en,0.2616151943070351
213,no,sp,0.2649176015583284
214,no,tr,0.10525703741010053
215,no,du,0.49113959986138284
216,no,it,0.5821917576000724
217,no,en,0.41304599905479195
218,no,sp,0.43213439919072416
219,no,tr,0.18270424920151263
220,no,du,0.46222065109993765
221,no,it,0.47328616325004497
222,no,en,0.27403203227797784
223,no,sp,0.2803173961442491
224,no,tr,0.12119794753510972
225,no,du,0.36135599109926025
226,no,it,0.5776078983697371
227,no,en,0.3154312086117896
228,no,sp,0.2766253077560839
229,no,tr,0.23417833416282452
230,no,du,0.33095426933935
231,no,it,0.3603390352832449
232,no,en,0.3951739503217421
233,no,sp,0.21832131274467792
234,no,tr,0.25336785942632256
235,no,du,0.49318826590718184
236,no,it,0.5777373864347828
237,no,en,0.38051524890229443
238,no,sp,0.5477966369577818
239,no,tr,0.23376766814753352
240,sp,du,0.07214603371015149
241,sp,it,0.6049456455601161
242,sp,en,0.3623395757512604
243,sp,no,0.2696548820814963
244,sp,tr,0.38812529669183576
245,sp,du,0.20065909047903527
246,sp,it,0.5940667752612028
247,sp,en,0.3133809815767494
248,sp,no,0.3408583853369993
249,sp,tr,0.3365965674167903
250,sp,du,0.37345769441417165
251,sp,it,0.5976780917899879
252,sp,en,0.47296982390798403
253,sp,no,0.3540832905442558
254,sp,tr,0.2366188500435637
255,sp,du,0.5341180372894314
256,sp,it,0.6519481155860811
257,sp,en,0.49149661700702335
258,sp,no,0.24560363419328987
259,sp,tr,0.38204455662739845
260,sp,du,0.37534568377354854
261,sp,it,0.5853504043690372
262,sp,en,0.33443103800631674
263,sp,no,0.3009039986525389
264,sp,tr,0.38453752662026525
265,sp,du,0.3065207562570216
266,sp,it,0.6367632768842745
267,sp,en,0.32949478684479455
268,sp,no,0.3071488184174495
269,sp,tr,0.3829039689259662
270,sp,du,0.35147543571103285
271,sp,it,0.6217164515247611
272,sp,en,0.3255884805004281
273,sp,no,0.2206425894656825
274,sp,tr,0.37781352280923813
275,sp,du,0.2460331158909924
276,sp,it,0.6243823727070348
277,sp,en,0.45465352793833014
278,sp,no,0.4029151329378362
279,sp,tr,0.3044654434127833
280,sp,du,0.4662406785040864
281,sp,it,0.5645579441294619
282,sp,en,0.3393722054864986
283,sp,no,0.1337303894589766
284,sp,tr,0.21571998837136147
285,sp,du,0.27861150446891103
286,sp,it,0.6076778878580817
287,sp,en,0.334804175964258
288,sp,no,0.3843640152826567
289,sp,tr,0.3186976418855902
290,sp,du,0.24421509494465524
291,sp,it,0.6681323152294624
292,sp,en,0.3425418332017919
293,sp,no,0.24871328993131056
294,sp,tr,0.15524386668929932
295,sp,du,0.32221937552644625
296,sp,it,0.669850909361027
297,sp,en,0.3128857249346369
298,sp,no,0.29322620344205513
299,sp,tr,0.38964110688303955
300,tr,du,0.32964711655373097
301,tr,it,0.4448717394021133
302,tr,en,0.21421208485687307
303,tr,no,0.3370392109279432
304,tr,sp,0.47770820937797837
305,tr,du,0.3918754239375786
306,tr,it,0.44128776099364947
307,tr,en,0.1848286232022528
308,tr,no,0.3464662241023682
309,tr,sp,0.5123467054582433
310,tr,du,0.2622131554136766
311,tr,it,0.4453070152692093
312,tr,en,0.44111462159309545
313,tr,no,0.26830840336047046
314,tr,sp,0.5163775140575217
315,tr,du,0.25655640548482506
316,tr,it,0.5859724696090748
317,tr,en,0.3812759802341755
318,tr,no,0.1491071598159717
319,tr,sp,0.5362107479633582
320,tr,du,0.2466950653260229
321,tr,it,0.3753235447172956
322,tr,en,0.18497368978672768
323,tr,no,0.24619006990049605
324,tr,sp,0.3720968515984717
325,tr,du,0.2799854912032641
326,tr,it,0.5557294472856239
327,tr,en,0.357833146097086
328,tr,no,0.19536145689497417
329,tr,sp,0.5189468484469849
330,tr,du,0.29881473916788776
331,tr,it,0.47564495626440656
332,tr,en,0.08705849005617991
333,tr,no,0.23839265525395495
334,tr,sp,0.4603015960754605
335,tr,du,0.32015214839703415
336,tr,it,0.5674153053956337
337,tr,en,0.22885605962895123
338,tr,no,0.2972450155480015
339,tr,sp,0.5090808784434041
340,tr,du,0.31348974622689935
341,tr,it,0.44675586989367044
342,tr,en,0.19931913517602767
343,tr,no,0.09432810220106419
344,tr,sp,0.37382364705086363
345,tr,du,0.30435342781440977
346,tr,it,0.5376027478110057
347,tr,en,0.13690212731624032
348,tr,no,0.194630946525491
349,tr,sp,0.34987905115811646
350,tr,du,0.20951362852902233
351,tr,it,0.5356611309079414
352,tr,en,0.19242371679542497
353,tr,no,0.2375816029359326
354,tr,sp,0.4170401886054539
355,tr,du,0.2493838650186015
356,tr,it,0.5636306149032234
357,tr,en,0.1555624414722762
358,tr,no,0.22253976296875755
359,tr,sp,0.5179657054742908
