train,model,roi,r,r_random,SE,z,p,sig
control,bert_base,AntTemp,0.04717144257196179,-0.003969881937272954,0.034953263873270475,4.758510869712822,1.9502639213316063e-06,***
control,bert_base,IFG,0.04744404750002621,0.006686783910844804,0.018805752506450567,3.4468023603934377,0.0005672634023767619,***
control,bert_base,IFGorb,0.09306380649275088,0.01711885505936429,0.03721033402079691,5.372297600867594,7.773966646877154e-08,***
control,bert_base,MFG,0.007862827995892859,-0.009382730475140802,0.025037812689650232,1.3484642300921212,0.17750911748549703,
control,bert_base,PostTemp,0.057834738943469036,-0.040655717867787294,0.03713405964414156,7.967492928021778,1.6192572330710238e-15,***
main,bert_base,AntTemp,0.0792612696790574,-0.012982536079932374,0.02851236531198069,6.310994111602341,2.7724874415906047e-10,***
main,bert_base,IFG,0.061671335549189105,-0.021786040325462958,0.040610353751560795,7.125085620790926,1.040160077952125e-12,***
main,bert_base,IFGorb,0.07445931871580626,-0.006391977793827875,0.037348193507072545,5.77738899669136,7.586874235065548e-09,***
main,bert_base,MFG,0.02602978443051064,-0.023052192131702665,0.06395465427337761,5.593501622113038,2.2253514551264397e-08,***
main,bert_base,PostTemp,0.07840207835095436,-0.02461160255196388,0.02473683535556798,8.255191145142957,1.5165932387625897e-16,***
natstor,bert_base,AntTemp,0.1741488062598318,-0.03489680598307923,0.023279443850535503,15.511117021150847,2.9175873207322976e-54,***
natstor,bert_base,IFG,0.08465990944301428,-0.009882916074484141,0.029854349278041262,6.568373397386364,5.0867854579203946e-11,***
natstor,bert_base,IFGorb,0.11747902776915588,0.00217924834895335,0.026483114149134717,8.219226941627229,2.048191366444927e-16,***
natstor,bert_base,MFG,0.06617100801191143,-0.008293158322156274,0.03250011566873486,5.903017951082144,3.569114214582694e-09,***
natstor,bert_base,PostTemp,0.1657448754678087,-0.03631445942873586,0.02212228555450485,15.484818590459815,4.392999707280522e-54,***
pereira,bert_base,AntTemp,0.0369734368276378,0.02177096738422853,0.06303622775293062,-0.11935074733559829,0.9049974802239817,
pereira,bert_base,IFG,0.051159452516149354,0.03809613480687968,0.03753450826467831,0.7909184718819526,0.4289915684357458,
pereira,bert_base,IFGorb,0.10395417718444433,0.0068563927671412145,0.05687542749761574,6.505961399326348,7.719804898520993e-11,***
pereira,bert_base,MFG,0.010544280606642996,0.05239017912590796,0.04905148946322679,-4.179868842056701,2.916772742340479e-05,***
pereira,bert_base,PostTemp,-0.0012937294818788645,0.045138141291407044,0.047505808629470035,-3.8953286712867228,9.80656605433012e-05,***
control,distilmbert,AntTemp,0.06737012011879717,-0.009316088598275409,0.03045394748980226,5.316658863551493,1.0568994911199878e-07,***
control,distilmbert,IFG,0.0890401632049336,-0.0029823665368542735,0.03501728683352003,5.846039637173426,5.034141396165498e-09,***
control,distilmbert,IFGorb,0.14528723489956996,-0.0013022617461785771,0.046504184385555626,9.640445068317183,5.395353757983905e-22,***
control,distilmbert,MFG,0.010919820948726934,-0.0058423689040924985,0.028745925051625234,1.5642673475839708,0.11775479691602245,
control,distilmbert,PostTemp,0.05950054295783988,-0.03549845793656756,0.018872598017061364,7.001276292740495,2.5364117881822547e-12,***
main,distilmbert,AntTemp,0.07714996151913896,-0.01564831862206413,0.041254376040285194,6.937125830467679,4.0015739111687345e-12,***
main,distilmbert,IFG,0.023386930720780085,-0.014083515385638266,0.06071013132341666,4.512307217947426,6.412621223961032e-06,***
main,distilmbert,IFGorb,0.06719466455638876,-0.0015407923560375415,0.03755869846490859,5.789953549988096,7.04058921750689e-09,***
main,distilmbert,MFG,0.04385913506134573,-0.016163857449414107,0.05938047364460863,6.23632921586227,4.4795786462465276e-10,***
main,distilmbert,PostTemp,0.09743341553632974,-0.03210564836161933,0.03269670529751691,10.404416618213325,2.367014586934401e-25,***
natstor,distilmbert,AntTemp,0.07427392070281297,-0.024919968468641866,0.027249813657754432,7.9809800700152485,1.451759086738746e-15,***
natstor,distilmbert,IFG,0.07254732741177249,-0.00735250038243527,0.033467817944713936,6.811553660747403,9.655026976682923e-12,***
natstor,distilmbert,IFGorb,0.04965644912680582,0.03259419627447739,0.05153035913089593,3.100980167556987,0.0019288120869365862,**
natstor,distilmbert,MFG,0.0676873748704559,0.006069706398633547,0.03595990588345016,5.017976834705077,5.221847165695928e-07,***
natstor,distilmbert,PostTemp,0.1114812346875013,-0.04691650508571305,0.03461402866507523,12.897973098061408,4.6209190273905805e-38,***
pereira,distilmbert,AntTemp,0.026182446588415634,-0.0018669799045140127,0.08160227286092074,-0.371523368076173,0.710247754229703,
pereira,distilmbert,IFG,0.03072738349277879,0.003597209140561433,0.05764791469579089,0.48430507508121795,0.6281693747131272,
pereira,distilmbert,IFGorb,0.12436222988407919,-0.003869958389107938,0.05366458668337343,8.086625289245024,6.134061359794201e-16,***
pereira,distilmbert,MFG,-0.04781249061649191,0.0207034866185701,0.052431480483207414,-5.6337892650176835,1.7629242529244234e-08,***
pereira,distilmbert,PostTemp,-0.027512602581928225,0.023526847499608577,0.060572065743819646,-5.4388295956917,5.3631719539201765e-08,***
control,infoxlm_base,AntTemp,0.12142824408702407,0.019251883194181373,0.048825992155544916,7.828770958881325,4.926622148669491e-15,***
control,infoxlm_base,IFG,0.07368115671257267,0.007081577884846996,0.03683342423330121,4.520224548078665,6.177407363012443e-06,***
control,infoxlm_base,IFGorb,0.11757547724555661,0.018865053208301653,0.03387547214987379,7.22071246389035,5.171590022840625e-13,***
control,infoxlm_base,MFG,0.01901945721315862,0.003913662964942712,0.04718167004838211,0.8711017149170459,0.38369861784794834,
control,infoxlm_base,PostTemp,0.09870765493091392,-0.020385115721193576,0.04036306941104497,8.821064753612022,1.1337642707704365e-18,***
main,infoxlm_base,AntTemp,0.05304226672410369,0.0020239218716099636,0.05114659029656574,5.413997020386554,6.16331920121175e-08,***
main,infoxlm_base,IFG,0.06556142886079516,-0.011265238369182444,0.05465002662506535,7.265925264291461,3.704933948984107e-13,***
main,infoxlm_base,IFGorb,0.06637907239828339,-0.0046449831401378485,0.05232306190089442,6.504652936375773,7.787295616159557e-11,***
main,infoxlm_base,MFG,0.0692825725198883,-0.02326322942317311,0.0632034183600783,8.0715242721688,6.942591682291124e-16,***
main,infoxlm_base,PostTemp,0.1212292343973389,-0.029184979566391378,0.04161544314644346,12.670862470334711,8.576618539228436e-37,***
natstor,infoxlm_base,AntTemp,0.15586763556678265,-0.015576711730291161,0.056225980378121355,13.451102285698349,3.033167590664593e-41,***
natstor,infoxlm_base,IFG,0.09714704931031251,0.022449826524994068,0.0514439291506405,5.9305231523568365,3.0197099841321634e-09,***
natstor,infoxlm_base,IFGorb,0.1041382802808462,0.04692177511192359,0.04822662930536209,4.6836958545502245,2.8174798292779807e-06,***
natstor,infoxlm_base,MFG,0.07088826844644223,0.0077482489415326644,0.05177639303275744,5.563096314344764,2.6502951576686854e-08,***
natstor,infoxlm_base,PostTemp,0.19150910106191885,-0.04123704478109924,0.04642842504271716,18.151715766553295,1.2445205581302256e-73,***
pereira,infoxlm_base,AntTemp,0.024325138152717054,-0.024319259328063492,0.045625485216369895,2.7690812273233063,0.005621461848168607,**
pereira,infoxlm_base,IFG,0.047305792971622705,-0.015051055623390982,0.041051238262767284,3.7251198335420797,0.00019522246046624374,***
pereira,infoxlm_base,IFGorb,0.1135800691733609,-0.008982046493314792,0.05106710126662855,8.283553181643148,1.195535494396842e-16,***
pereira,infoxlm_base,MFG,-0.02504787166039064,0.04147819096508778,0.046653869172123746,-5.082443491496243,3.726101800603572e-07,***
pereira,infoxlm_base,PostTemp,-0.0012210957344420002,-0.0035647352150330433,0.038569181694366586,-0.31112304582275147,0.7557070819409981,
control,infoxlm_large,AntTemp,0.14984270492726898,0.005417514043367135,0.034976844316767224,10.276652219195908,8.979251254777116e-25,***
control,infoxlm_large,IFG,0.09934355662690825,0.013146664267151782,0.04191704335948185,6.080740109144236,1.1962906084309385e-09,***
control,infoxlm_large,IFGorb,0.12561744737513716,0.015216042768353767,0.039766760714680556,7.6592393113104045,1.8703758995378588e-14,***
control,infoxlm_large,MFG,0.08461243901420777,-0.015015437816236099,0.03735939843999458,7.720260024045309,1.160926285355151e-14,***
control,infoxlm_large,PostTemp,0.08605519894649559,-0.02141203205868873,0.0273407308111665,8.036356065523695,9.25495493116137e-16,***
main,infoxlm_large,AntTemp,0.12241237924165264,0.002920037697081851,0.040830301337004035,9.336270375436404,9.97873085626406e-21,***
main,infoxlm_large,IFG,0.11075668710394636,-0.014548894498806078,0.041564066912079485,10.151889362296325,3.2500944349872255e-24,***
main,infoxlm_large,IFGorb,0.09330514416827956,0.010308798234466211,0.041757897912056814,6.092390027018464,1.112372595663715e-09,***
main,infoxlm_large,MFG,0.10216933361641087,-0.012804458095522763,0.054754610123890456,9.292907382668703,1.5013024876785568e-20,***
main,infoxlm_large,PostTemp,0.1843237572836926,-0.03326820564296088,0.03259844912440045,17.050010926435547,3.494679629152765e-65,***
natstor,infoxlm_large,AntTemp,0.13329689627054087,-0.0405456889371569,0.0406133241917617,13.470175472627737,2.3430850699720284e-41,***
natstor,infoxlm_large,IFG,0.0576959211214276,0.02113202128565954,0.04417398469081068,2.4987873322417973,0.012461907157188647,*
natstor,infoxlm_large,IFGorb,0.09363080223377505,0.03462455909883219,0.04144328971421521,4.944714121128912,7.625568515303238e-07,***
natstor,infoxlm_large,MFG,0.08706672682677928,-0.0036374899171646435,0.056976119782664,6.779532895423976,1.2056504502519755e-11,***
natstor,infoxlm_large,PostTemp,0.15493899057920812,-0.044102726247584705,0.04741143861935881,14.658590941793358,1.1871095404903318e-48,***
pereira,infoxlm_large,AntTemp,0.0532374202545335,0.015435933855519066,0.0368709112330192,2.08817440552108,0.03678210518675393,*
pereira,infoxlm_large,IFG,0.07847700042379091,0.0165675012252385,0.04410671281881606,3.777924777093729,0.00015814062621212637,***
pereira,infoxlm_large,IFGorb,0.0725185414548408,0.011878170577654598,0.04782154932165297,3.1933237077062837,0.0014064518596720312,**
pereira,infoxlm_large,MFG,0.03187130713667637,0.04006491660089025,0.045852088747161956,0.23048789360177105,0.817712669780115,
pereira,infoxlm_large,PostTemp,0.05806882201274561,0.030089004372415202,0.011928782082672553,2.0365701917510353,0.04169313244262871,*
control,mdeberta,AntTemp,0.14744210369096045,0.007945584231315393,0.030219728014974908,10.464422826331857,1.2584109988145056e-25,***
control,mdeberta,IFG,0.09780293573486114,0.015351901445136503,0.025234901861922777,5.689181679015647,1.2764960304861257e-08,***
control,mdeberta,IFGorb,0.13509048446477956,0.024769802807558763,0.031373244025795825,8.26515068759815,1.395183957014947e-16,***
control,mdeberta,MFG,0.06468474788753602,0.012963762107434313,0.021891366692156095,3.1546898421097596,0.0016066881040468237,**
control,mdeberta,PostTemp,0.09183087907267333,-0.0014509690243354552,0.024077438391318717,6.783171772537614,1.1756571239441833e-11,***
main,mdeberta,AntTemp,0.11006643292693431,0.008927525591589679,0.0388018361397423,8.063334756343272,7.424086035860621e-16,***
main,mdeberta,IFG,0.0968623594826718,-0.006078684037613694,0.05271263071746433,8.339378131934891,7.468223884403544e-17,***
main,mdeberta,IFGorb,0.13179878583467897,0.006241713723003534,0.04384459403756546,9.81118490639985,1.0077814447390598e-22,***
main,mdeberta,MFG,0.09004151475916235,-0.01364912846403923,0.0579471623287321,8.065589523951418,7.288330490677087e-16,***
main,mdeberta,PostTemp,0.16550349570988146,-0.04682856796069444,0.03020169102170786,16.660421291548626,2.542273780542476e-62,***
natstor,mdeberta,AntTemp,0.1685774926621355,-0.052072674499393595,0.04331585620934262,17.0737221579742,2.3286844741419905e-65,***
natstor,mdeberta,IFG,0.13815968819688465,-0.006362589941998657,0.04165144914407805,10.972351103234189,5.1904891956291095e-28,***
natstor,mdeberta,IFGorb,0.13614431611257125,0.02246885279813643,0.042473080592696666,9.664975881199068,4.2471995099046275e-22,***
natstor,mdeberta,MFG,0.1279263332727825,-0.007412308059378231,0.05220305436034043,10.16224669187362,2.9226276990621228e-24,***
natstor,mdeberta,PostTemp,0.2110445469163501,-0.058066040709148704,0.0376154024536059,20.36297100668929,3.563088374278583e-92,***
pereira,mdeberta,AntTemp,0.03181477101642463,0.04623752904579291,0.04205203572412242,-1.3748201956850832,0.16918719534211712,
pereira,mdeberta,IFG,0.0610575972579729,0.022339084532196827,0.022211858400418658,2.3815830559656948,0.01723840292770439,*
pereira,mdeberta,IFGorb,0.10019944605677275,0.025788748598089564,0.036396773083157606,5.186399340892326,2.143988198118126e-07,***
pereira,mdeberta,MFG,0.039756649850350385,0.04343299647558458,0.04034127092845764,-0.8107022747102436,0.4175366667360565,
pereira,mdeberta,PostTemp,0.014087871100232106,0.0541331601602494,0.03255130670603362,-2.8778612148983505,0.004003812411458015,**
control,mgpt,AntTemp,0.19307207351598815,0.05946307090395416,0.06309896486717077,10.302206664159625,6.886321962907742e-25,***
control,mgpt,IFG,0.17888044660605498,0.08200059787882669,0.08974016340316142,6.61884882128371,3.620068298646619e-11,***
control,mgpt,IFGorb,0.18515351038394454,0.12401724064941269,0.06933584716968728,4.9150210391949,8.877292561481865e-07,***
control,mgpt,MFG,0.07224455126682103,0.030603680200677448,0.03358847902929395,3.875202292638173,0.00010653615769341688,***
control,mgpt,PostTemp,0.12219005065592814,0.005295236790577832,0.0355133705801877,8.582837944415735,9.256071146545995e-18,***
main,mgpt,AntTemp,0.08533281231390916,0.02013225362727923,0.05077674294293514,5.500425181698112,3.7887649836182156e-08,***
main,mgpt,IFG,0.11865043542591204,-0.004321465317017788,0.06267475984095398,10.7127846346937,8.865431065852187e-27,***
main,mgpt,IFGorb,0.11553588677372442,0.029067824045730637,0.0713536773352015,6.545408395940503,5.933301809216094e-11,***
main,mgpt,MFG,0.03720843055847517,0.0025212006236339513,0.10284631503353203,4.963265135739807,6.931785185523962e-07,***
main,mgpt,PostTemp,0.13909712842675598,-0.006415947785373391,0.04022118837935558,11.937007476003748,7.590524284524758e-33,***
natstor,mgpt,AntTemp,0.2394994041334746,-0.08618621799563025,0.09327818486877375,23.01009718432299,3.693466025713839e-117,***
natstor,mgpt,IFG,0.20490671490162435,-0.03130470551125076,0.10403449903930785,16.598545670608683,7.140000829967801e-62,***
natstor,mgpt,IFGorb,0.2564262484449369,-0.017522083119226747,0.08137244629025167,19.65735244036597,5.001567397622447e-86,***
natstor,mgpt,MFG,0.07870995060121475,-0.007537559543591264,0.11919240510745897,6.740061172717657,1.583199614479509e-11,***
natstor,mgpt,PostTemp,0.08296372928955037,-0.0287147606480977,0.07885469896546803,6.110847125957256,9.910366490479644e-10,***
pereira,mgpt,AntTemp,0.010714970502009674,0.008793888623161534,0.033672035326843805,0.08774068733114142,0.9300827804938647,
pereira,mgpt,IFG,0.1457057175297884,-0.06814456650600909,0.055959199688191914,14.027138485735042,1.0635713760992112e-44,***
pereira,mgpt,IFGorb,0.014874822304459705,-0.06737709909467934,0.03843004150549236,5.777838023916668,7.566659858519476e-09,***
pereira,mgpt,MFG,0.0743118261882672,0.02254965500802425,0.037225341976081135,3.8795311504011933,0.00010465799830510949,***
pereira,mgpt,PostTemp,0.07954851080107089,0.032907793992582195,0.03134065205935895,2.0913461646675295,0.03649704433200836,*
control,mt5_base,AntTemp,0.129023019086268,0.02378889619157261,0.036819645881159865,8.228394954438738,1.8973858885239258e-16,***
control,mt5_base,IFG,0.10182058993796325,0.00992094326446583,0.025154634185437456,6.142898134753374,8.102925142439912e-10,***
control,mt5_base,IFGorb,0.12702513557633185,0.006482424035656886,0.045126871887365645,8.41943013874952,3.783199754304477e-17,***
control,mt5_base,MFG,0.0474822875339255,0.0029134477258549803,0.027547256772118774,3.291906012870639,0.0009951086187640474,***
control,mt5_base,PostTemp,0.07009151472986648,0.0177691286847788,0.03507771800120434,4.069450018766481,4.7124247376267865e-05,***
main,mt5_base,AntTemp,0.09888635800952607,0.009541521379391977,0.0384610286718555,6.9255832720786,4.341828414447742e-12,***
main,mt5_base,IFG,0.056424040516836235,-0.025421297487089364,0.053599010676232316,7.543721457331657,4.5674616859354883e-14,***
main,mt5_base,IFGorb,0.08713856173303726,-0.005208600836750522,0.04458322488223801,7.1736622537251336,7.30176203272227e-13,***
main,mt5_base,MFG,0.04770197769223151,-0.015619032837434956,0.047797830178354206,5.758076264947832,8.507791851981296e-09,***
main,mt5_base,PostTemp,0.09452247536554093,-0.01925592474213692,0.035259499797912854,9.55860205523791,1.1935798391172195e-21,***
natstor,mt5_base,AntTemp,0.12742862488771697,-0.048627556532593805,0.03500243826734926,14.162350966213026,1.5666400259388572e-45,***
natstor,mt5_base,IFG,0.07711288920860347,-0.01604523274776893,0.0294441248390631,7.7552132689442645,8.819513320125621e-15,***
natstor,mt5_base,IFGorb,0.064526461948952,0.03552967515990626,0.03294298190916371,3.3177314319392557,0.0009075169862626932,***
natstor,mt5_base,MFG,0.08393192631821211,-0.03120448978679636,0.03234074834928539,9.049622867680547,1.434629620166651e-19,***
natstor,mt5_base,PostTemp,0.13780144283168458,-0.055035779022801906,0.027839117253452006,15.046638945812823,3.632251757029745e-51,***
pereira,mt5_base,AntTemp,0.05188095525693848,0.010363521874371602,0.04175640867002265,2.8313797515257613,0.0046347657223743234,**
pereira,mt5_base,IFG,0.044021635766229895,0.014167179371509832,0.03895275025945394,1.635566876164571,0.10193026755821775,
pereira,mt5_base,IFGorb,0.09434992539942857,0.0027424670465407345,0.04404120966606359,6.010739741137466,1.8467868099174212e-09,***
pereira,mt5_base,MFG,0.0021891010631129946,0.01290249021589403,0.04650853686404565,-1.2886871290237252,0.19750687889106644,
pereira,mt5_base,PostTemp,-0.014979414152355422,0.033431257679953606,0.029475350879075022,-3.524243823205325,0.0004246932561206854,***
control,mt5_large,AntTemp,0.1358529300794843,0.019588871497199553,0.04952556956742251,8.152280732559008,3.5712407776376085e-16,***
control,mt5_large,IFG,0.09061968592430882,0.047790059716094714,0.03472668884940334,2.702532850666033,0.006881338413251237,**
control,mt5_large,IFGorb,0.13091394669155473,0.034498332866900704,0.03790003836935434,6.819244680123209,9.152041052756307e-12,***
control,mt5_large,MFG,0.045520294621754706,0.004077978568338901,0.029799356983218606,2.506275169520882,0.012201062538880064,*
control,mt5_large,PostTemp,0.0842590382857295,-0.0028686830730855987,0.02559123983084303,5.908903399105796,3.4439257270296977e-09,***
main,mt5_large,AntTemp,0.14918119070251828,0.012991260732924571,0.033284680050347334,10.763618096481236,5.1122748240750514e-27,***
main,mt5_large,IFG,0.1418508601563816,-0.013083327002889155,0.0465480962250277,12.161033240112504,5.012070720472943e-34,***
main,mt5_large,IFGorb,0.15033460667782597,-0.01599517481247202,0.0467365749866124,12.446486899988257,1.4613728006844456e-35,***
main,mt5_large,MFG,0.1207317448419612,-0.03549755089191329,0.06143624081150845,12.525401538299908,5.421626645708403e-36,***
main,mt5_large,PostTemp,0.1844306492738842,-0.01461828570822469,0.03142330730678415,15.814838575049244,2.458389772662532e-56,***
natstor,mt5_large,AntTemp,0.2419720655421979,-0.045228181935658376,0.04882367765206474,22.032268770297538,1.4131514889627503e-107,***
natstor,mt5_large,IFG,0.1629089738007653,-0.003729709871268101,0.0476550537921615,12.630886598764059,1.426617121575082e-36,***
natstor,mt5_large,IFGorb,0.19522168662071385,0.015123321137175108,0.048151840668588464,13.978117659628248,2.1202178986426567e-44,***
natstor,mt5_large,MFG,0.12171558092826941,-0.004442689874797045,0.04822396406219706,9.244406448496933,2.365499233669906e-20,***
natstor,mt5_large,PostTemp,0.20454178962252578,-0.05252847226613331,0.035608854441156246,19.339056609305448,2.5204393356361015e-83,***
pereira,mt5_large,AntTemp,0.13379572629461778,0.06188676637744575,0.05612321678387625,5.061497632480752,4.159759062584854e-07,***
pereira,mt5_large,IFG,0.11079036594079958,0.024564304051365334,0.035809269158396155,5.830327887392385,5.531856962135726e-09,***
pereira,mt5_large,IFGorb,0.15247632843611802,0.045850732893660956,0.05452496608937802,7.506219074366885,6.085953697364734e-14,***
pereira,mt5_large,MFG,0.024303276853234697,0.04680462639925636,0.03855690167693249,-2.022885982909385,0.043084904036179726,*
pereira,mt5_large,PostTemp,0.08991058082295446,0.06333539756068698,0.04023407243390602,1.713573474734866,0.08660708854585655,
control,mt5_small,AntTemp,0.059446412473297815,0.027367436883543386,0.028354946189393396,2.5930768972294103,0.009512149969959556,**
control,mt5_small,IFG,0.06235836147156621,-0.004518043228721418,0.025062864363816936,4.873692697655872,1.0953132597005795e-06,***
control,mt5_small,IFGorb,0.09550114405488512,0.005413805797390579,0.034798971290491344,6.445869012532811,1.1493990130214314e-10,***
control,mt5_small,MFG,0.0474807739964587,-0.015275082774422763,0.036582943914210436,4.946751993170376,7.546201983303881e-07,***
control,mt5_small,PostTemp,0.06887936072222281,-0.02771115362039671,0.026683172564148188,7.437520671226916,1.0259253394802441e-13,***
main,mt5_small,AntTemp,0.06082165942734293,0.010429134915146255,0.029853576090603698,3.9966787021268444,6.42373934765941e-05,***
main,mt5_small,IFG,0.06289603904607056,-0.019629339261893496,0.03120337849193645,7.4464714592630665,9.586976471799478e-14,***
main,mt5_small,IFGorb,0.12854353647596226,-0.008107973613601497,0.03703484329896329,10.752521165101733,5.766356554166732e-27,***
main,mt5_small,MFG,0.045592673357130284,-0.015571200158148188,0.04195772114048257,6.224472236335451,4.831796954294179e-10,***
main,mt5_small,PostTemp,0.09149140638531852,-0.023344484494365995,0.027845393392253708,9.273749109459844,1.7971534472316383e-20,***
natstor,mt5_small,AntTemp,0.06392490237614513,-0.031035273662142857,0.043990397062016934,8.580905167152128,9.412946238226106e-18,***
natstor,mt5_small,IFG,0.05721530813279937,-0.021425729009495183,0.029077856855863286,6.239339154256622,4.394233307062926e-10,***
natstor,mt5_small,IFGorb,0.04915692020721644,0.0031391375373211686,0.030515517960142905,3.883620195981674,0.00010291262150909037,***
natstor,mt5_small,MFG,0.08235145706650861,-0.011155292162408289,0.03324915076077432,7.596935040935463,3.03226648346709e-14,***
natstor,mt5_small,PostTemp,0.10492932523481052,-0.04940116458916312,0.0387130821779063,12.781932115945652,2.06865849175968e-37,***
pereira,mt5_small,AntTemp,-0.021990649235776295,-0.007386754980054778,0.029472560620204393,-1.776414577196151,0.07566461018389055,
pereira,mt5_small,IFG,0.0061733549288494555,0.003907604784900796,0.030313963996873593,-0.2811059407026064,0.7786291447966339,
pereira,mt5_small,IFGorb,0.01370634300355381,-0.015295956972713945,0.020169678856974228,1.6897680188823976,0.09107234448456974,
pereira,mt5_small,MFG,-0.03167821263269833,0.015816491099973438,0.03751654523922859,-4.634698661419189,3.574578053745856e-06,***
pereira,mt5_small,PostTemp,-0.05989784435501707,0.0016061363767823278,0.020011734066700374,-5.132656035646583,2.8568171282833937e-07,***
control,multiminilm,AntTemp,0.1358222580902813,0.040941422168199244,0.04494669151739775,6.8481689031840505,7.480122007989733e-12,***
control,multiminilm,IFG,0.05409043404610696,0.0256916961631409,0.03619557680241002,1.9288192121477792,0.05375330989672219,
control,multiminilm,IFGorb,0.09650770609651699,0.03676639572115033,0.037899133972618536,4.321977832422042,1.5463672846075498e-05,***
control,multiminilm,MFG,0.008551144896437497,0.0312739831324391,0.044454844088634225,-1.505863471156608,0.13210222555122844,
control,multiminilm,PostTemp,0.09664472841832342,0.02714842314193479,0.03584589058994351,5.365728156184539,8.062329354662707e-08,***
main,multiminilm,AntTemp,0.048476420305675984,0.00977892563548601,0.04834338460760676,4.794833168477859,1.6281026777679317e-06,***
main,multiminilm,IFG,0.057277246582766055,-0.005281249556228659,0.055037555895391437,6.2794628610792,3.3974473786245474e-10,***
main,multiminilm,IFGorb,0.049214510113800874,0.03265753386240104,0.05318953344364005,3.0036903220503,0.002667266639784788,**
main,multiminilm,MFG,0.05791569714294558,-0.029143513824517426,0.06826077271364098,7.681921365691612,1.5672003102860706e-14,***
main,multiminilm,PostTemp,0.12487487201017686,-0.02349928079389596,0.038830125321827086,12.901147611050783,4.4344365664308147e-38,***
natstor,multiminilm,AntTemp,0.15425706256116775,-0.03013311034668121,0.05244585898033557,13.456508653670864,2.8192580160609696e-41,***
natstor,multiminilm,IFG,0.08264141531194198,0.02551991447073021,0.05399794495013847,4.384116130993996,1.1645763913002521e-05,***
natstor,multiminilm,IFGorb,0.0970777959329593,0.04682812895361372,0.04418433095068766,3.7749649825786107,0.0001600301420902916,***
natstor,multiminilm,MFG,0.05603498890716344,-0.004043538406204429,0.04694785910489086,4.8706898466886654,1.1120928957598007e-06,***
natstor,multiminilm,PostTemp,0.1876680874294223,-0.043781857812120545,0.04631247961375657,17.248433770961388,1.149740430803135e-66,***
pereira,multiminilm,AntTemp,0.07572475498304085,0.025129989777822055,0.054318283437078896,2.8329033341909837,0.004612733273311646,**
pereira,multiminilm,IFG,0.04267440364468703,0.018726216987076993,0.0379717746779439,1.485637041545018,0.13737515177169216,
pereira,multiminilm,IFGorb,0.11468819234227182,0.01784098874224014,0.056446628592874186,6.23507916580689,4.5154967790831307e-10,***
pereira,multiminilm,MFG,-0.03304808829741579,0.059119045221002454,0.03985866639447324,-6.422960965200319,1.3364877340823597e-10,***
pereira,multiminilm,PostTemp,0.03770227613283553,0.03532162810916131,0.039585390568488275,-0.1504380377031763,0.8804190329839232,
control,nllb200_1B,AntTemp,0.1624625690157111,0.02272085474350238,0.06093136595734499,10.290039495967966,7.8144313254618765e-25,***
control,nllb200_1B,IFG,0.09578006823930402,0.028049712156294246,0.03084523019720911,4.737188064214686,2.167040484691328e-06,***
control,nllb200_1B,IFGorb,0.1650927842138371,0.03913257854992045,0.049937177456738674,8.995012817845401,2.3620465022806194e-19,***
control,nllb200_1B,MFG,0.03849662170995417,-0.005662121068109831,0.025023433422651925,3.6062938846096553,0.0003106013560310722,***
control,nllb200_1B,PostTemp,0.07064228429128447,0.006425812164541538,0.02484192425257969,4.836207634741321,1.3233968472761476e-06,***
main,nllb200_1B,AntTemp,0.0663100279328323,0.003058669773539238,0.03176961872651607,4.869468976121899,1.1189854936283248e-06,***
main,nllb200_1B,IFG,0.07332073295022597,0.004120622475353919,0.04558831251091303,6.00763090643429,1.88253796068467e-09,***
main,nllb200_1B,IFGorb,0.11402841507275932,0.02803988703174741,0.029332143335544066,6.951411283048672,3.6164981526068415e-12,***
main,nllb200_1B,MFG,0.032319088021758105,-0.0049330170602250815,0.05207223383361805,2.8805188621547377,0.003970211954258089,**
main,nllb200_1B,PostTemp,0.1301655642072984,-0.006854996479969253,0.027855516058514464,10.52070320838766,6.935401129555634e-26,***
natstor,nllb200_1B,AntTemp,0.18834311014654723,-0.0072881612168940145,0.049468000209010245,15.63313610264692,4.3295910268790125e-55,***
natstor,nllb200_1B,IFG,0.07615402478622456,0.015886350648780613,0.04677574492539913,4.8900197673526735,1.0082585206509785e-06,***
natstor,nllb200_1B,IFGorb,0.10914870727253606,0.029806631139969723,0.04197845699376099,6.794474104082503,1.087083400741743e-11,***
natstor,nllb200_1B,MFG,0.043849782632823534,-0.0037207336842401883,0.05338424182852728,3.898942947595174,9.661353331668319e-05,***
natstor,nllb200_1B,PostTemp,0.16517371775187936,-0.04858996275818025,0.04479747250108689,16.405559902003887,1.745104558699484e-60,***
pereira,nllb200_1B,AntTemp,0.04979699240516669,0.03944655174033934,0.05707819367572267,-0.14281933780921033,0.88643286428024,
pereira,nllb200_1B,IFG,0.021021439478828445,0.008875417587994787,0.039984982628309955,0.45888861905832884,0.6463141519436189,
pereira,nllb200_1B,IFGorb,0.1270795262024523,0.012999851444045113,0.02976968723130084,8.045963724521503,8.5569338310307e-16,***
pereira,nllb200_1B,MFG,-0.030476662919664603,0.018346719671574363,0.056648931066370534,-3.850749060807303,0.00011775710831223715,***
pereira,nllb200_1B,PostTemp,-0.029464114654091513,0.028855906633137765,0.023762621258834354,-4.274445583501614,1.916134947647589e-05,***
control,nllb200_distilled_1B,AntTemp,0.08309445683206168,-0.008770460915361808,0.035574605593354534,7.079369278529416,1.448120260230335e-12,***
control,nllb200_distilled_1B,IFG,0.06945144168781997,0.01828700639085525,0.03796030218580531,4.67797418595096,2.897230085984588e-06,***
control,nllb200_distilled_1B,IFGorb,0.11698302629888624,0.01657718884279861,0.03658950929780377,8.122458365147235,4.568342429550049e-16,***
control,nllb200_distilled_1B,MFG,0.052052552626998,-0.003417008442977809,0.03456362026553479,4.128226567375768,3.655718167624296e-05,***
control,nllb200_distilled_1B,PostTemp,0.05811999898634071,-0.02468383332757743,0.04560315793151848,7.240045281704982,4.4853496122738767e-13,***
main,nllb200_distilled_1B,AntTemp,0.11351022309052909,0.02378884600935382,0.034162290356950516,7.8092734536878865,5.751858460201803e-15,***
main,nllb200_distilled_1B,IFG,0.08319038453286427,0.01399951395866801,0.049779822557252225,6.64132381790186,3.108781979633583e-11,***
main,nllb200_distilled_1B,IFGorb,0.10418687733112132,0.030939869940179308,0.044504227173989386,6.788903795747086,1.129887506398429e-11,***
main,nllb200_distilled_1B,MFG,0.09693615825093015,-0.01250972569374623,0.06250474254812372,9.32917749151474,1.0669565215877087e-20,***
main,nllb200_distilled_1B,PostTemp,0.1490589759818835,-0.00857839216723201,0.026056348397895973,13.009215977966676,1.0844902225204714e-38,***
natstor,nllb200_distilled_1B,AntTemp,0.11232239912808008,-0.01587214818457539,0.042146467337425435,10.657332898670616,1.6115267537180598e-26,***
natstor,nllb200_distilled_1B,IFG,0.05912841662709188,0.015461382196134616,0.04738241812365249,3.921391877794155,8.803895073119951e-05,***
natstor,nllb200_distilled_1B,IFGorb,0.07888044950399328,0.038653748107327045,0.04475875472197758,3.8649225369517097,0.00011112446150169343,***
natstor,nllb200_distilled_1B,MFG,0.06341594779812222,-0.010737615146793025,0.060194770120118875,6.189520941882662,6.034733550906951e-10,***
natstor,nllb200_distilled_1B,PostTemp,0.1549502626483433,-0.046442858916773654,0.03805878393051545,15.570539547099315,1.1542942589769027e-54,***
pereira,nllb200_distilled_1B,AntTemp,0.034382204154289414,0.029111221663704674,0.05299255453237715,-0.6883114447839566,0.49125667610727597,
pereira,nllb200_distilled_1B,IFG,0.027867591078512405,0.005215961759157914,0.04205385061488639,0.7552163464207412,0.4501191821434899,
pereira,nllb200_distilled_1B,IFGorb,0.09120038627414788,0.0257258633957442,0.03615798789847352,3.9983906828561007,6.377462344102887e-05,***
pereira,nllb200_distilled_1B,MFG,0.0020464550553748015,0.02692071714586075,0.050799710808214264,-2.4647008346839008,0.013712769104198516,*
pereira,nllb200_distilled_1B,PostTemp,-0.028983775980250554,0.014705755517246673,0.03098001658423524,-3.550075329455447,0.0003851209342380129,***
control,nllb200_distilled_600M,AntTemp,0.07226053900284651,0.0051827557430402255,0.042230699209163475,4.359264630943943,1.3050022771963379e-05,***
control,nllb200_distilled_600M,IFG,0.04176874570584051,0.009185671374284374,0.019639296405885003,1.7076641766472729,0.08769867284240924,
control,nllb200_distilled_600M,IFGorb,0.10517871496231557,-0.0034731317645593732,0.03823815131327058,6.861182417252049,6.829288804839692e-12,***
control,nllb200_distilled_600M,MFG,0.0071610002608751295,0.006609183819336637,0.010651379791378833,-0.2651123910180209,0.7909228821235592,
control,nllb200_distilled_600M,PostTemp,0.0035676594222752342,-0.00956888671386021,0.020512850054014754,0.8317163845142314,0.40556905017467726,
main,nllb200_distilled_600M,AntTemp,0.030645230129055893,-0.011333187150009184,0.035929890915652796,4.107762801104076,3.9951008226407915e-05,***
main,nllb200_distilled_600M,IFG,0.04380130842711567,-0.006801790937193331,0.06502766793861126,5.5067983078379035,3.654185100397856e-08,***
main,nllb200_distilled_600M,IFGorb,0.05700209587259719,0.016489659148964837,0.053751081152012076,4.805584519056963,1.5430003597710632e-06,***
main,nllb200_distilled_600M,MFG,0.0677384647996574,0.008950509504237524,0.0700087252555799,5.5559170852208934,2.761579465679254e-08,***
main,nllb200_distilled_600M,PostTemp,0.1048601506552333,-0.03862634125706984,0.039934581153313865,12.202075518337812,3.0300076273886756e-34,***
natstor,nllb200_distilled_600M,AntTemp,0.08816534725933856,-0.002522339984795061,0.02823814145263348,7.808381593367838,5.7926978737488524e-15,***
natstor,nllb200_distilled_600M,IFG,0.024639834083258386,0.027885497276267688,0.043800579512778805,0.6371303304774297,0.5240399536240783,
natstor,nllb200_distilled_600M,IFGorb,0.024081992909718818,0.0474657051385087,0.04032681515724632,-0.6593604303995031,0.5096643454208659,
natstor,nllb200_distilled_600M,MFG,0.06467390352793746,0.002972792038944687,0.06232000364125904,4.4515665717743,8.524609619599513e-06,***
natstor,nllb200_distilled_600M,PostTemp,0.10322545721970072,-0.024361503507857055,0.0267423411896858,10.114583438758112,4.760377127521911e-24,***
pereira,nllb200_distilled_600M,AntTemp,0.05499355354867555,0.02891213777415212,0.06341696621781932,0.6266949169108397,0.530859236472843,
pereira,nllb200_distilled_600M,IFG,0.027693669640324065,-0.003051331852373776,0.04366166994014106,1.5094802967296719,0.13117608677196907,
pereira,nllb200_distilled_600M,IFGorb,0.10301313951343002,-0.0013300949057884143,0.03583902799622359,6.991581885717149,2.7180390628986694e-12,***
pereira,nllb200_distilled_600M,MFG,-0.033570048066539376,0.022465452660007282,0.0595374499926303,-5.07726279197134,3.8291109854677855e-07,***
pereira,nllb200_distilled_600M,PostTemp,-0.04207169168569312,0.03626838073912718,0.03422786013325079,-6.372684881729707,1.8574729032639177e-10,***
control,xglm_large,AntTemp,0.15068856922843066,-0.019104485689868545,0.05800577080022242,11.853087272319422,2.0740621569114849e-32,***
control,xglm_large,IFG,0.03419678080991081,-0.011735382295143893,0.04142798450948055,2.821135028884195,0.004785405555250409,**
control,xglm_large,IFGorb,0.12019891130811339,-0.025221925432594907,0.043328233700978845,10.016451956129663,1.2905283724401819e-23,***
control,xglm_large,MFG,0.02403789059472765,-0.008240638133842203,0.02794048601441845,2.3531091434694282,0.018617168680925906,*
control,xglm_large,PostTemp,0.09464481444019877,-0.025213443005825554,0.03734192586880226,8.140122837536643,3.9487706301142346e-16,***
main,xglm_large,AntTemp,0.04750707617912935,0.01489592763068228,0.04823493963560358,3.542268573030153,0.00039670134720546507,***
main,xglm_large,IFG,0.09432006611380093,0.001829320124598897,0.07032675490424144,7.359887827190181,1.840648353039446e-13,***
main,xglm_large,IFGorb,0.0555281098969225,0.01811661944541338,0.053979374923208485,3.3442162655720558,0.0008251538617963174,***
main,xglm_large,MFG,0.06723708979734117,-0.004741344091928224,0.07024882931061155,6.100302274814662,1.0586806750419177e-09,***
main,xglm_large,PostTemp,0.16430933196429584,-0.00827228295714373,0.03959814421283486,14.15255399898942,1.8009576928618724e-45,***
natstor,xglm_large,AntTemp,0.11185959368323956,-0.051320592194173224,0.03982808675072414,12.88302821892921,5.609078258009707e-38,***
natstor,xglm_large,IFG,0.1458718718072824,-0.03672364580883364,0.04444511035756433,13.802221864836,2.4711699931530054e-43,***
natstor,xglm_large,IFGorb,0.21117134996658696,-0.0033499525502445394,0.06229464906930025,16.486635954160377,4.5773528704521114e-61,***
natstor,xglm_large,MFG,0.11111717201029427,-0.025641142257574093,0.044172918308415875,10.461743520447586,1.2945138352686443e-25,***
natstor,xglm_large,PostTemp,0.21832807917385566,-0.05816594017465128,0.042651567982337525,20.4569151074687,5.213430092375583e-93,***
pereira,xglm_large,AntTemp,0.020236958678732396,0.06579683688540584,0.041053006881177696,-3.3635785157257736,0.00076938947382109,***
pereira,xglm_large,IFG,0.044058584921931834,0.009597707531111388,0.0347722935825532,2.2571652986161332,0.0239977478773701,*
pereira,xglm_large,IFGorb,0.04366003544018775,0.05934394917377306,0.028334814752306214,-0.5944373200404389,0.5522196535258698,
pereira,xglm_large,MFG,-0.03208047637006432,0.03744113997673503,0.03989369361024669,-5.91971394915127,3.2250204949903496e-09,***
pereira,xglm_large,PostTemp,0.03297886583214348,0.027006192665822798,0.03018518603581508,0.340480475220519,0.7334947239433733,
control,xglm_med,AntTemp,0.21447511151583581,-0.039384394541288226,0.07876739829822584,17.51253095015994,1.1496685442416815e-68,***
control,xglm_med,IFG,0.11457667747235395,-0.01584578499658375,0.05264551036040282,8.467168187209504,2.514309138775236e-17,***
control,xglm_med,IFGorb,0.17677441647456474,-0.03186823693913814,0.050219747229942636,14.635802963235832,1.6600421932851052e-48,***
control,xglm_med,MFG,0.0382575597484435,-0.01393575415293135,0.04494824511890554,4.2332135102073964,2.3037560019509613e-05,***
control,xglm_med,PostTemp,0.08285618758586956,-0.02658793617095966,0.04880050371943278,6.693692439412544,2.1760853524612943e-11,***
main,xglm_med,AntTemp,0.04377904208151716,0.007042213528842707,0.055497370169767024,4.572823407688255,4.811956782874442e-06,***
main,xglm_med,IFG,0.08167329031282151,0.004572928263635013,0.06996340308734207,7.138048097025641,9.466551058089976e-13,***
main,xglm_med,IFGorb,0.019961815051321753,0.025221793648888675,0.052219648144297255,1.250180512494711,0.21123361388885953,
main,xglm_med,MFG,0.10018280281606955,0.0009680770611687985,0.07810376512625634,8.510712689344501,1.7286749725614788e-17,***
main,xglm_med,PostTemp,0.18678642976661405,-0.01103526042167661,0.04743146535463246,16.692187575812365,1.4939494127713676e-62,***
natstor,xglm_med,AntTemp,0.15822619854913025,-0.05238228621080949,0.037757799984102274,15.659363361143596,2.8675327990486616e-55,***
natstor,xglm_med,IFG,0.15206684283759003,-0.020343069162612533,0.0402748787902068,12.317567604083557,7.285884197438747e-35,***
natstor,xglm_med,IFGorb,0.1621305963157864,0.006429513269912754,0.04751775004874659,12.085158914498066,1.2652529495252701e-33,***
natstor,xglm_med,MFG,0.11685820551565057,-0.010527013094506744,0.03926734523931291,9.520169015759194,1.7289762748810305e-21,***
natstor,xglm_med,PostTemp,0.22997446693369847,-0.035828097044307755,0.037772551428618774,19.497453062739567,1.1538696308187254e-84,***
pereira,xglm_med,AntTemp,0.06621841319243288,0.04083648554360471,0.06630421750160177,0.8856866908518638,0.3757863821151656,
pereira,xglm_med,IFG,0.0484818168820804,0.005001509076922681,0.026718923528513513,2.601070290304499,0.009293341029834251,**
pereira,xglm_med,IFGorb,0.09692938716462468,0.04145099032166411,0.04486793565962086,3.5653342198218936,0.00036339280519145277,***
pereira,xglm_med,MFG,-0.03794862508013137,0.03922973219298379,0.044547126396370235,-6.274533183335976,3.506848374657013e-10,***
pereira,xglm_med,PostTemp,0.04329501115538595,0.02249321148419596,0.03767763504972897,1.321400940632171,0.18636771258376572,
control,xglm_small,AntTemp,0.18047744176419755,0.02632495420199994,0.10650989372804644,10.693364987282436,1.0933085133885616e-26,***
control,xglm_small,IFG,0.09235495250206681,0.007128108124214058,0.09431978746906554,4.791574842373007,1.6547727009134728e-06,***
control,xglm_small,IFGorb,0.16161306064483705,0.055231272122943355,0.06971450212748818,7.285871904748174,3.1959653374224504e-13,***
control,xglm_small,MFG,-0.04445558359709065,-0.0154883974214042,0.10421328167035575,-3.502463298173945,0.0004609772874046849,***
control,xglm_small,PostTemp,0.03186433921074494,-0.030549944452860855,0.08138907317529202,2.8535007048479186,0.004324043197837681,**
main,xglm_small,AntTemp,0.04466353792013225,0.009940061747458455,0.050316821228261484,4.578221088033131,4.689469062752258e-06,***
main,xglm_small,IFG,0.042290748836819936,-0.001769163104220617,0.07074167340974172,5.304231196953199,1.1314883604056386e-07,***
main,xglm_small,IFGorb,0.0017421288738609004,0.01621741537031888,0.0581051792249836,0.97922528441693,0.3274686781391807,
main,xglm_small,MFG,0.06816560929902736,-0.013050582011496087,0.08801606058583054,7.656908607760111,1.9046207015443192e-14,***
main,xglm_small,PostTemp,0.14138295975153078,-0.03651016886255098,0.0477914425006879,15.325755831135076,5.145254093746684e-53,***
natstor,xglm_small,AntTemp,0.10308577815001362,-0.038153082233319986,0.047641654660731864,11.687257336779465,1.4809202571613175e-31,***
natstor,xglm_small,IFG,0.08089682555754567,-0.007291094044147079,0.055102576857438725,6.836426577144638,8.119294087023237e-12,***
natstor,xglm_small,IFGorb,0.07612284914015928,0.025291629763022128,0.05617489651398538,5.159248671029933,2.479428137763878e-07,***
natstor,xglm_small,MFG,0.09476280362142428,-0.013675161570783835,0.03792982719602229,8.480507254986884,2.2421425323041026e-17,***
natstor,xglm_small,PostTemp,0.1734584323197734,-0.040975513234571256,0.04779321065627103,16.58977700125531,8.262657404375775e-62,***
pereira,xglm_small,AntTemp,0.0919140500232409,-0.028342600379767553,0.09344468089268461,6.238561520693206,4.416129439324834e-10,***
pereira,xglm_small,IFG,0.0854588335551055,0.012888746049875617,0.07251106788982555,3.197633429516296,0.0013856029267031763,**
pereira,xglm_small,IFGorb,0.11841814705658098,-0.009405088174213583,0.05283523895791408,8.048084340754677,8.409998742765936e-16,***
pereira,xglm_small,MFG,-0.011059293581308464,0.02817743803423279,0.054310837163970775,-3.3249354219412495,0.0008843901707092817,***
pereira,xglm_small,PostTemp,0.04352922633018794,0.005049355409079748,0.06749781542965204,0.6608708128393698,0.5086951653309342,
control,xglm_xl,AntTemp,0.1546565002787622,0.005105082583880673,0.05626093039210445,10.054965134961826,8.735234944967588e-24,***
control,xglm_xl,IFG,0.04867923878054793,0.005119447445709889,0.027361504645427387,2.6034315820963454,0.009229568716335837,**
control,xglm_xl,IFGorb,0.13577685377148974,-0.018606338480208026,0.05337316935689023,10.489260943980625,9.678243824612351e-26,***
control,xglm_xl,MFG,0.037985413039251924,0.014530581228716909,0.029581230649220403,1.7092728126991446,0.08740042689237804,
control,xglm_xl,PostTemp,0.07912994934486946,-0.0036279715666906057,0.03311727975943005,5.429023438865413,5.666324286752516e-08,***
main,xglm_xl,AntTemp,0.15357100934698262,0.025164911256307834,0.05346114832291274,11.206641599055141,3.7827523973753437e-29,***
main,xglm_xl,IFG,0.14180511901909326,0.007117505062284263,0.06538216322144487,11.096699316623875,1.3016247103254243e-28,***
main,xglm_xl,IFGorb,0.0757027062167691,0.011382997336186605,0.05474606774347516,5.733717479315434,9.825294125796698e-09,***
main,xglm_xl,MFG,0.12582070898780892,0.009700684667854457,0.05759855896253723,10.233794315289735,1.3992718230437384e-24,***
main,xglm_xl,PostTemp,0.2428734075416614,-0.0003232788156004037,0.03665349185594594,19.872770382039135,7.00293081153724e-88,***
natstor,xglm_xl,AntTemp,0.184509789053863,-0.03325015572089565,0.03286472299666802,16.861371580575263,8.655687126865888e-64,***
natstor,xglm_xl,IFG,0.14592977199576598,-0.030597283877887967,0.04157982368202224,12.721021504313647,4.5191336711250825e-37,***
natstor,xglm_xl,IFGorb,0.20089227524136632,0.025572280220341234,0.046944313291340474,13.223758225093485,6.3985245515752815e-40,***
natstor,xglm_xl,MFG,0.1442364153793641,-0.005673490369249714,0.044018907034949234,11.545414442756508,7.786524038003218e-31,***
natstor,xglm_xl,PostTemp,0.23751170650290326,-0.047920287155750474,0.03173896559958912,21.26551349485691,2.3688389991250095e-100,***
pereira,xglm_xl,AntTemp,0.09752302517163064,0.07017574316116297,0.06465032026296813,1.1977674059614325,0.23100757951597106,
pereira,xglm_xl,IFG,0.07968757553770436,0.01166996243709345,0.05465236104401428,3.862872706732785,0.00011206140801501497,***
pereira,xglm_xl,IFGorb,0.11557918129719932,0.034780655164471916,0.04184694119148228,5.479807009676409,4.257900163189092e-08,***
pereira,xglm_xl,MFG,0.017745065353319416,0.030300901526299044,0.06793213912115352,-1.954293932509253,0.05066646600416898,
pereira,xglm_xl,PostTemp,0.03875351800961429,0.04148623173946206,0.04856564257821464,-0.8946223029902076,0.3709890253186655,
control,xlm_align,AntTemp,0.1455426005392034,0.004526042350331347,0.057426388636385266,10.331392230705264,5.081758510138084e-25,***
control,xlm_align,IFG,0.07177970020664402,0.02246010017961861,0.03424031408836183,3.125492624178888,0.0017750752143870618,**
control,xlm_align,IFGorb,0.12642824563813213,0.019264928184022874,0.04183967854679818,7.686068351131742,1.5172546950028147e-14,***
control,xlm_align,MFG,0.014753916047405826,0.00926809732125957,0.03635816729513846,0.27672419782337315,0.7819918899977872,
control,xlm_align,PostTemp,0.08847069502687499,-0.011291148861185867,0.036672741287286405,6.976200993136229,3.0326877745161414e-12,***
main,xlm_align,AntTemp,0.04818115063552234,-0.011185050099289983,0.047536714418358335,5.637752502325182,1.7228387802796213e-08,***
main,xlm_align,IFG,0.06605006089450827,-0.019278264685218215,0.05095751588214403,7.685712393591324,1.521479617953644e-14,***
main,xlm_align,IFGorb,0.06211614840708941,0.0012411120717419934,0.04884903763009161,5.2899952951038225,1.223195064277217e-07,***
main,xlm_align,MFG,0.04557432177683407,-0.011566723532317153,0.06236348805007674,5.755702628846077,8.628215626655788e-09,***
main,xlm_align,PostTemp,0.1214352942969331,-0.03563472427096484,0.042038595800967714,13.217602020416445,6.944271711055643e-40,***
natstor,xlm_align,AntTemp,0.1715934514680953,-0.016756126985500355,0.04838944743025608,14.47635638133489,1.7092045577240409e-47,***
natstor,xlm_align,IFG,0.0905232433301597,0.028731678862600182,0.051529409627345146,5.027392452693316,4.971941608908795e-07,***
natstor,xlm_align,IFGorb,0.10278641010868328,0.05395629344244464,0.04850187874930007,3.993927790776175,6.498766274349854e-05,***
natstor,xlm_align,MFG,0.07213757081818423,0.015678775739036758,0.04946641652030178,5.323714258592042,1.0166957125445725e-07,***
natstor,xlm_align,PostTemp,0.19485664654308987,-0.03499075036487915,0.043144718570365025,17.467798112978898,2.520354350750651e-68,***
pereira,xlm_align,AntTemp,0.05834084179901336,-0.01763056899595707,0.05358020955862991,4.540650101715258,5.608103595547348e-06,***
pereira,xlm_align,IFG,0.059948652814920234,-0.013303341610916033,0.050903864633045935,4.252960010247605,2.109632612602653e-05,***
pereira,xlm_align,IFGorb,0.13701019960469607,-0.009415294634152192,0.05964857899572728,9.993714268309098,1.6238071830261825e-23,***
pereira,xlm_align,MFG,-0.020540898320495448,0.029649528625706592,0.051603524732697144,-4.437145998616239,9.115946672970273e-06,***
pereira,xlm_align,PostTemp,0.014872004378840028,-0.005249808707193223,0.04447615933829672,0.7252448937435897,0.46830180578423075,
control,xlmr_base,AntTemp,0.14510464366465237,0.022027471959395497,0.049326721711717265,9.045516893477371,1.489587379456902e-19,***
control,xlmr_base,IFG,0.11145678033710024,0.01338482904634917,0.03644729620144878,6.587517481665483,4.4724133972454114e-11,***
control,xlmr_base,IFGorb,0.1792112038836369,0.036379947934962735,0.0434055188323886,10.183569837602095,2.3478671266140077e-24,***
control,xlmr_base,MFG,0.04173977925699565,0.0031388024379520683,0.033016949259637114,2.743690273694227,0.006075282869970387,**
control,xlmr_base,PostTemp,0.09446639234900042,-0.02042719403758792,0.03700117288070453,8.180876607984205,2.817863431370853e-16,***
main,xlmr_base,AntTemp,0.12050897756735034,-0.018921811041215892,0.033179024345794235,11.167587100104233,5.875530675807905e-29,***
main,xlmr_base,IFG,0.09381466796296434,-0.03468801375858202,0.04893240541508493,10.746134943598703,6.179715682029641e-27,***
main,xlmr_base,IFGorb,0.14180845429846642,-0.006141066302882554,0.038784693429380415,11.69391123416682,1.3693204765312551e-31,***
main,xlmr_base,MFG,0.07796720082763013,-0.013492523171294742,0.06620077814603302,7.689131333413532,1.4813734033226372e-14,***
main,xlmr_base,PostTemp,0.16619999992717285,-0.05910081121126355,0.03576352976372373,18.041573138562132,9.189045787701809e-73,***
natstor,xlmr_base,AntTemp,0.1666773413786588,-0.045059855102677036,0.052051614084887225,15.230781197417025,2.2093576183326128e-52,***
natstor,xlmr_base,IFG,0.12243434320868173,0.001530036390165288,0.049154280522619755,8.922406639405372,4.562634683100617e-19,***
natstor,xlmr_base,IFGorb,0.16243848315803622,0.03620791310980694,0.05173946949177139,9.192523035277281,3.837332442484197e-20,***
natstor,xlmr_base,MFG,0.06783195312651408,0.0016752777195874142,0.04546078162452726,5.578534012133768,2.4255405340193917e-08,***
natstor,xlmr_base,PostTemp,0.17038391560949234,-0.060020423296283605,0.03741289711106926,17.06325950640606,2.7856856026027504e-65,***
pereira,xlmr_base,AntTemp,0.07519609870944273,0.027635268178930156,0.04870866325729694,2.8382111508183407,0.004536716020708095,**
pereira,xlmr_base,IFG,0.03638447555776689,0.01935924242172725,0.03642679506989517,0.6981525304978634,0.48508180938577417,
pereira,xlmr_base,IFGorb,0.1288842091770584,0.005648453547557319,0.05150052238175287,8.566419111891033,1.0675282488222486e-17,***
pereira,xlmr_base,MFG,-0.002869319193604361,0.05151824533290265,0.038005365767444836,-4.34182758008557,1.4130240502119515e-05,***
pereira,xlmr_base,PostTemp,0.05500255240318178,0.027341766616122507,0.03745767808065322,1.6350360308583352,0.10204149464057335,
control,xlmr_large,AntTemp,0.1546537079977703,-0.006692315512348176,0.03630542580925406,11.946624614999399,6.761604030911552e-33,***
control,xlmr_large,IFG,0.11396494237037344,-0.0005142239175864054,0.036332681781686006,8.415748165225507,3.903951894167791e-17,***
control,xlmr_large,IFGorb,0.16409327502285886,-0.00948719676147016,0.04187915891493694,12.597708847386654,2.1736724973924836e-36,***
control,xlmr_large,MFG,0.08389660023290961,-0.026478214017850405,0.027281406080735492,8.551303215282626,1.2170643364795325e-17,***
control,xlmr_large,PostTemp,0.13138169230455488,-0.03056861959635937,0.024742677765831916,12.254810164643123,1.5831964990685305e-34,***
main,xlmr_large,AntTemp,0.14189722010838157,0.011055455367381494,0.047785921371423096,10.355691897556603,3.943250851390868e-25,***
main,xlmr_large,IFG,0.1431467656440383,-0.01352611189905646,0.05738469549272143,12.258915449307558,1.5050067344365784e-34,***
main,xlmr_large,IFGorb,0.1352085147131602,0.014889289471585083,0.05508073264308586,8.893705709325618,5.910409573386864e-19,***
main,xlmr_large,MFG,0.09678722954841766,-0.012762929982526245,0.06732046576852732,9.431248751067386,4.052353636636516e-21,***
main,xlmr_large,PostTemp,0.21006226700860575,-0.029438025559777623,0.040094061386993986,18.538950055472853,1.0015797447926644e-76,***
natstor,xlmr_large,AntTemp,0.159178753743501,-0.047395904107799494,0.03984204616167161,15.8792074064444,8.828694396639506e-57,***
natstor,xlmr_large,IFG,0.09640092689066555,0.021407087244673342,0.053177149237832705,5.435935673002807,5.4509619291249676e-08,***
natstor,xlmr_large,IFGorb,0.12758142789271545,0.02624585413580593,0.05435180717494911,7.7441079159147455,9.625523278403848e-15,***
natstor,xlmr_large,MFG,0.09006539521729517,-0.007716232966043269,0.051681111149529585,7.7057266926139,1.301008024930902e-14,***
natstor,xlmr_large,PostTemp,0.1773475883727903,-0.04641249166969731,0.040132974288030025,16.78018167308009,3.4079196190211614e-63,***
pereira,xlmr_large,AntTemp,0.05755446524414033,0.004335183666430985,0.03757251941871124,3.6066862749150697,0.00031013224678416154,***
pereira,xlmr_large,IFG,0.05884505725663983,0.002904666049418992,0.027847335174979098,3.7421834147273674,0.00018242828379673795,***
pereira,xlmr_large,IFGorb,0.09586597873279484,0.0064711167949987845,0.037090289010908196,5.8441031745094,5.093045616233999e-09,***
pereira,xlmr_large,MFG,0.0020724650013904497,0.04654105161212298,0.03983839709789517,-2.3583418769965023,0.01835677840118864,*
pereira,xlmr_large,PostTemp,0.040470451434770606,-0.0016741295290996123,0.023172888563599822,3.2993069226822094,0.0009692387641528111,***
