dataset,perturb_type,model,r,SE
Tuckute2024,1LocalWordSwap,bert_base,0.02018459841657267,0.05216142120577691
Tuckute2024,1LocalWordSwap,distilmbert,0.06626862444252825,0.033572568037079135
Tuckute2024,1LocalWordSwap,infoxlm_base,0.0982435376114675,0.04209977766348086
Tuckute2024,1LocalWordSwap,infoxlm_large,0.1012527362999139,0.03629403938938292
Tuckute2024,1LocalWordSwap,mdeberta,0.10910751398240522,0.03184383709848344
Tuckute2024,1LocalWordSwap,mgpt,-0.059628327539344265,0.09090983601831017
Tuckute2024,1LocalWordSwap,mt5_base,0.08206916564354129,0.03773151856999867
Tuckute2024,1LocalWordSwap,mt5_large,0.112478868424622,0.04074729457201552
Tuckute2024,1LocalWordSwap,mt5_small,0.059076806172091406,0.02390493124523295
Tuckute2024,1LocalWordSwap,multiminilm,0.07476889603968093,0.03713036026012272
Tuckute2024,1LocalWordSwap,nllb200_1B,0.1016205823775454,0.049954843606367906
Tuckute2024,1LocalWordSwap,nllb200_distilled_1B,0.06840398137956921,0.03391092690857521
Tuckute2024,1LocalWordSwap,nllb200_distilled_600M,0.025756743087715042,0.04785161597594451
Tuckute2024,1LocalWordSwap,xglm_large,0.09282894300693757,0.05370388912099308
Tuckute2024,1LocalWordSwap,xglm_med,0.12018449228027274,0.05102837687757549
Tuckute2024,1LocalWordSwap,xglm_small,0.08791756115575548,0.10588344959517831
Tuckute2024,1LocalWordSwap,xglm_xl,0.10740436236182292,0.04262978337297254
Tuckute2024,1LocalWordSwap,xlm_align,0.120394140963194,0.04579114569689982
Tuckute2024,1LocalWordSwap,xlmr_base,0.09653674110635871,0.04431082495704758
Tuckute2024,1LocalWordSwap,xlmr_large,0.11895746908765487,0.039502113454003424
Tuckute2024,2LocalWordSwap,bert_base,0.008746496843077428,0.04801829647733313
Tuckute2024,2LocalWordSwap,distilmbert,0.05224847293376354,0.03352973135991356
Tuckute2024,2LocalWordSwap,infoxlm_base,0.08510863917333772,0.037539232703182955
Tuckute2024,2LocalWordSwap,infoxlm_large,0.0802280780601768,0.03133383535822802
Tuckute2024,2LocalWordSwap,mdeberta,0.11840411771262449,0.02848625125813677
Tuckute2024,2LocalWordSwap,mgpt,-0.11026076797506257,0.10792182530184403
Tuckute2024,2LocalWordSwap,mt5_base,0.06344826182140485,0.03404673322068736
Tuckute2024,2LocalWordSwap,mt5_large,0.07756038776679619,0.042724330846612195
Tuckute2024,2LocalWordSwap,mt5_small,0.0550205124782925,0.02382801772142341
Tuckute2024,2LocalWordSwap,multiminilm,0.06034296707126966,0.03350179007165197
Tuckute2024,2LocalWordSwap,nllb200_1B,0.08517065416686315,0.05597166729774394
Tuckute2024,2LocalWordSwap,nllb200_distilled_1B,0.03664239808869177,0.028540487769330183
Tuckute2024,2LocalWordSwap,nllb200_distilled_600M,0.033872799633849066,0.05152704649532177
Tuckute2024,2LocalWordSwap,xglm_large,0.06126711993577879,0.0504141767534769
Tuckute2024,2LocalWordSwap,xglm_med,0.09237366574486976,0.04879282954906722
Tuckute2024,2LocalWordSwap,xglm_small,0.08982737616831715,0.10595900672428595
Tuckute2024,2LocalWordSwap,xglm_xl,0.10318439617989145,0.04899916546770914
Tuckute2024,2LocalWordSwap,xlm_align,0.08772853306349529,0.041143538874154416
Tuckute2024,2LocalWordSwap,xlmr_base,0.09804285093267309,0.04792354279380961
Tuckute2024,2LocalWordSwap,xlmr_large,0.08228129852968326,0.03262980085539058
Tuckute2024,3LocalWordSwaps,bert_base,0.009735143559402127,0.03820160729091805
Tuckute2024,3LocalWordSwaps,distilmbert,0.03811181122031909,0.03176399673661344
Tuckute2024,3LocalWordSwaps,infoxlm_base,0.11168400051598902,0.04892817942288497
Tuckute2024,3LocalWordSwaps,infoxlm_large,0.09943333279414918,0.04290857991562303
Tuckute2024,3LocalWordSwaps,mdeberta,0.10818894229127315,0.02477311061730308
Tuckute2024,3LocalWordSwaps,mgpt,-0.10475901969270392,0.11371654362559502
Tuckute2024,3LocalWordSwaps,mt5_base,0.05226845367031019,0.034620348055393366
Tuckute2024,3LocalWordSwaps,mt5_large,0.0706501727930008,0.03915371240989913
Tuckute2024,3LocalWordSwaps,mt5_small,0.05964649006793413,0.022504664346084394
Tuckute2024,3LocalWordSwaps,multiminilm,0.063384489273004,0.031828942396004936
Tuckute2024,3LocalWordSwaps,nllb200_1B,0.07433478085538495,0.05340280309607812
Tuckute2024,3LocalWordSwaps,nllb200_distilled_1B,0.06785436862627064,0.03305101703660201
Tuckute2024,3LocalWordSwaps,nllb200_distilled_600M,0.027452699049430276,0.05445655976325136
Tuckute2024,3LocalWordSwaps,xglm_large,0.076900131747933,0.05234540255337141
Tuckute2024,3LocalWordSwaps,xglm_med,0.06615492153407655,0.047599876531765506
Tuckute2024,3LocalWordSwaps,xglm_small,0.08546763805104075,0.10627445451073987
Tuckute2024,3LocalWordSwaps,xglm_xl,0.11464407424379777,0.04992786871823021
Tuckute2024,3LocalWordSwaps,xlm_align,0.09670675670923247,0.04847939243987556
Tuckute2024,3LocalWordSwaps,xlmr_base,0.1573615589225063,0.04701909175487253
Tuckute2024,3LocalWordSwaps,xlmr_large,0.0935479976748184,0.035548680275159915
Tuckute2024,4LocalWordSwaps,bert_base,0.030056847060810424,0.049951457616364915
Tuckute2024,4LocalWordSwaps,distilmbert,0.02048865424655392,0.03215214239813389
Tuckute2024,4LocalWordSwaps,infoxlm_base,0.10391847437017326,0.043269334629327166
Tuckute2024,4LocalWordSwaps,infoxlm_large,0.09757396087767588,0.042805041888751054
Tuckute2024,4LocalWordSwaps,mdeberta,0.10660090775371509,0.02534028327267955
Tuckute2024,4LocalWordSwaps,mgpt,-0.09839425113120726,0.10514464359343594
Tuckute2024,4LocalWordSwaps,mt5_base,0.09597561428985418,0.032428318524309725
Tuckute2024,4LocalWordSwaps,mt5_large,0.0517411792256769,0.03157894057037967
Tuckute2024,4LocalWordSwaps,mt5_small,0.058886416424703235,0.021658612411607048
Tuckute2024,4LocalWordSwaps,multiminilm,0.052207146541406985,0.027839667607336707
Tuckute2024,4LocalWordSwaps,nllb200_1B,0.08356301704274588,0.05383335805525811
Tuckute2024,4LocalWordSwaps,nllb200_distilled_1B,0.03248232976339757,0.03436367085991183
Tuckute2024,4LocalWordSwaps,nllb200_distilled_600M,0.015343993478431989,0.0460987853978062
Tuckute2024,4LocalWordSwaps,xglm_large,0.10183613986615685,0.046904208639117255
Tuckute2024,4LocalWordSwaps,xglm_med,0.1163276764954994,0.042365620008287475
Tuckute2024,4LocalWordSwaps,xglm_small,0.09704357950294572,0.10611187074867239
Tuckute2024,4LocalWordSwaps,xglm_xl,0.11037778371329644,0.04954242182871718
Tuckute2024,4LocalWordSwaps,xlm_align,0.10067990937237742,0.04884874820309279
Tuckute2024,4LocalWordSwaps,xlmr_base,0.10730029622491769,0.04120460127365278
Tuckute2024,4LocalWordSwaps,xlmr_large,0.09400279192675962,0.04154105072911895
Tuckute2024,5LocalWordSwaps,bert_base,0.044466088403681665,0.04504474014316143
Tuckute2024,5LocalWordSwaps,distilmbert,0.004352434952437232,0.041319809238452236
Tuckute2024,5LocalWordSwaps,infoxlm_base,0.09993588690992647,0.04479375745199935
Tuckute2024,5LocalWordSwaps,infoxlm_large,0.07860191075123542,0.04054624273575555
Tuckute2024,5LocalWordSwaps,mdeberta,0.10358437895794051,0.027425560150512302
Tuckute2024,5LocalWordSwaps,mgpt,-0.08119082573800782,0.09679330865783176
Tuckute2024,5LocalWordSwaps,mt5_base,0.0817531205598881,0.03865217563198969
Tuckute2024,5LocalWordSwaps,mt5_large,0.06747691906608266,0.04728572558244456
Tuckute2024,5LocalWordSwaps,mt5_small,0.05899016845181092,0.022668454925804018
Tuckute2024,5LocalWordSwaps,multiminilm,0.05816780483675499,0.03213400826370689
Tuckute2024,5LocalWordSwaps,nllb200_1B,0.07955652246398587,0.044031689583132916
Tuckute2024,5LocalWordSwaps,nllb200_distilled_1B,0.05697332971983098,0.0340803754953145
Tuckute2024,5LocalWordSwaps,nllb200_distilled_600M,0.013180326542014275,0.050664052858064294
Tuckute2024,5LocalWordSwaps,xglm_large,0.07139433662646683,0.04773343060799932
Tuckute2024,5LocalWordSwaps,xglm_med,0.11520359422703295,0.0443237807919899
Tuckute2024,5LocalWordSwaps,xglm_small,0.09158958474427403,0.10552905901758204
Tuckute2024,5LocalWordSwaps,xglm_xl,0.10868019677942496,0.039695174147179935
Tuckute2024,5LocalWordSwaps,xlm_align,0.07786630800168078,0.039880596596290084
Tuckute2024,5LocalWordSwaps,xlmr_base,0.12269051538348474,0.0416705082462915
Tuckute2024,5LocalWordSwaps,xlmr_large,0.10073990590843945,0.036983208388345894
Tuckute2024,Reversed,bert_base,0.013152535455089933,0.03670703093093542
Tuckute2024,Reversed,distilmbert,0.02286570433001068,0.02826804725931516
Tuckute2024,Reversed,infoxlm_base,0.06625822255805039,0.04076239609764276
Tuckute2024,Reversed,infoxlm_large,0.03934935804553164,0.04017870420844829
Tuckute2024,Reversed,mdeberta,0.06702257417597753,0.03305128227307004
Tuckute2024,Reversed,mgpt,-0.042293563315227295,0.05400706872529216
Tuckute2024,Reversed,mt5_base,0.048494743437525085,0.041840525401997404
Tuckute2024,Reversed,mt5_large,0.03325867115679995,0.03412899417434317
Tuckute2024,Reversed,mt5_small,0.04835316925898227,0.021893994637871644
Tuckute2024,Reversed,multiminilm,0.08995938521105927,0.03437330805774217
Tuckute2024,Reversed,nllb200_1B,0.051531426792631355,0.06075031940933747
Tuckute2024,Reversed,nllb200_distilled_1B,0.04247805167266168,0.05084705441397901
Tuckute2024,Reversed,nllb200_distilled_600M,0.03484738396070403,0.05387943113694995
Tuckute2024,Reversed,xglm_large,0.0337521578194803,0.04110118439974126
Tuckute2024,Reversed,xglm_med,0.062061245528609636,0.04285018333559291
Tuckute2024,Reversed,xglm_small,0.12548376691712565,0.10362633059679945
Tuckute2024,Reversed,xglm_xl,0.06702799107891926,0.035020513774052325
Tuckute2024,Reversed,xlm_align,0.05009016330993397,0.037847964382468194
Tuckute2024,Reversed,xlmr_base,0.043140696423875836,0.03905970129972984
Tuckute2024,Reversed,xlmr_large,0.07602302378857216,0.034983423425530666
Tuckute2024,contentwords,bert_base,-0.013694269556229547,0.03854964652202407
Tuckute2024,contentwords,distilmbert,0.008656723820138811,0.022823621381725088
Tuckute2024,contentwords,infoxlm_base,0.042262278026019,0.0522395833095096
Tuckute2024,contentwords,infoxlm_large,0.0955652269520341,0.03401334219243662
Tuckute2024,contentwords,mdeberta,0.10699135536965354,0.027127379204319516
Tuckute2024,contentwords,mgpt,0.08861446492424142,0.042368925255621824
Tuckute2024,contentwords,mt5_base,0.04450597897561776,0.03404706214701675
Tuckute2024,contentwords,mt5_large,0.04187058744651734,0.036935665087552444
Tuckute2024,contentwords,mt5_small,0.06053807691617717,0.02542285652287636
Tuckute2024,contentwords,multiminilm,0.055421091963801544,0.037754902484765825
Tuckute2024,contentwords,nllb200_1B,0.08887713341745047,0.04967579921062228
Tuckute2024,contentwords,nllb200_distilled_1B,0.04159382475735799,0.02619903281667155
Tuckute2024,contentwords,nllb200_distilled_600M,0.0076977159835960535,0.04917033723590202
Tuckute2024,contentwords,xglm_large,0.04240164454469513,0.05419718967957416
Tuckute2024,contentwords,xglm_med,0.08127401265357131,0.05087251421521768
Tuckute2024,contentwords,xglm_small,0.10580178208720799,0.10744571340358522
Tuckute2024,contentwords,xglm_xl,0.08792998929395549,0.03319145888415211
Tuckute2024,contentwords,xlm_align,0.014975888176324451,0.051274810680307585
Tuckute2024,contentwords,xlmr_base,0.0970470225809176,0.04699708238798007
Tuckute2024,contentwords,xlmr_large,0.08044386897910849,0.03544147881331656
Tuckute2024,functionwords,bert_base,0.01826922643220861,0.0335813993685012
Tuckute2024,functionwords,distilmbert,0.057294043599429564,0.018304706328702937
Tuckute2024,functionwords,infoxlm_base,0.06338806840911525,0.01158565229746128
Tuckute2024,functionwords,infoxlm_large,0.04121320736676448,0.03736646869228755
Tuckute2024,functionwords,mdeberta,0.0344386903578309,0.021248189272131596
Tuckute2024,functionwords,mgpt,0.13034093985806205,0.06023240801620199
Tuckute2024,functionwords,mt5_base,0.04757392414337087,0.023501237315698517
Tuckute2024,functionwords,mt5_large,0.0044086943626151,0.022087964261908663
Tuckute2024,functionwords,mt5_small,0.051795560099462214,0.028552733280328244
Tuckute2024,functionwords,multiminilm,0.03551546408727889,0.033986529218636895
Tuckute2024,functionwords,nllb200_1B,0.053247059849728884,0.04674130099718008
Tuckute2024,functionwords,nllb200_distilled_1B,0.0635384200750404,0.05565086428938847
Tuckute2024,functionwords,nllb200_distilled_600M,0.0312993680891558,0.030616732459610798
Tuckute2024,functionwords,xglm_large,0.03554903557297614,0.03384150999119003
Tuckute2024,functionwords,xglm_med,0.02664492173363468,0.0332857048634426
Tuckute2024,functionwords,xglm_small,0.15972455835448238,0.07465294726319394
Tuckute2024,functionwords,xglm_xl,-0.015932270478852248,0.0284326151086421
Tuckute2024,functionwords,xlm_align,0.06841709084372144,0.014349763408594493
Tuckute2024,functionwords,xlmr_base,0.039962747160609276,0.022064755713104817
Tuckute2024,functionwords,xlmr_large,0.056977627955887594,0.043417648976223334
Tuckute2024,intact,bert_base,0.034989484210084014,0.04132043362214791
Tuckute2024,intact,distilmbert,0.07996405206288763,0.03441806298517852
Tuckute2024,intact,infoxlm_base,0.07837933741441133,0.04322120459353034
Tuckute2024,intact,infoxlm_large,0.09871440370206193,0.029147647941140057
Tuckute2024,intact,mdeberta,0.10598858585386982,0.02600459362930096
Tuckute2024,intact,mgpt,0.16986791320450462,0.05700634583236099
Tuckute2024,intact,mt5_base,0.09307121158688991,0.039548063744725755
Tuckute2024,intact,mt5_large,0.08206969131056979,0.0331575919508714
Tuckute2024,intact,mt5_small,0.07028629245242025,0.02505862354174439
Tuckute2024,intact,multiminilm,0.07425856624230284,0.04198419365567624
Tuckute2024,intact,nllb200_1B,0.07559940135095404,0.024726134663885697
Tuckute2024,intact,nllb200_distilled_1B,0.03116676810811712,0.036087282476926705
Tuckute2024,intact,nllb200_distilled_600M,0.0324408074670695,0.024324607986063177
Tuckute2024,intact,xglm_large,0.08775332745177437,0.05373592622037913
Tuckute2024,intact,xglm_med,0.14578084105841008,0.06464852271983668
Tuckute2024,intact,xglm_small,0.1015758686082852,0.1071990502286483
Tuckute2024,intact,xglm_xl,0.09751882571257815,0.045085150166346614
Tuckute2024,intact,xlm_align,0.08969691387210137,0.04371419963111272
Tuckute2024,intact,xlmr_base,0.10534253031957382,0.03948835000440393
Tuckute2024,intact,xlmr_large,0.13249901162230215,0.03820468374809847
Tuckute2024,nouns,bert_base,0.013249727652946285,0.022266499238450976
Tuckute2024,nouns,distilmbert,0.01657448818912627,0.02644174317798953
Tuckute2024,nouns,infoxlm_base,0.030726438754222374,0.029270124894093044
Tuckute2024,nouns,infoxlm_large,0.0936573734327434,0.0357815071256964
Tuckute2024,nouns,mdeberta,0.024791005935874265,0.019150393275400118
Tuckute2024,nouns,mgpt,0.17356131699525065,0.10752278417952972
Tuckute2024,nouns,mt5_base,-0.051175039126945626,0.015884952911472513
Tuckute2024,nouns,mt5_large,0.03074657386816921,0.0321667862453737
Tuckute2024,nouns,mt5_small,0.051205986585803,0.027387158628548975
Tuckute2024,nouns,multiminilm,0.01619508575155202,0.030762404938595472
Tuckute2024,nouns,nllb200_1B,0.06271715577203987,0.061578629122891165
Tuckute2024,nouns,nllb200_distilled_1B,0.049869010056685426,0.03514488921633053
Tuckute2024,nouns,nllb200_distilled_600M,0.043651815032151924,0.05231897280250657
Tuckute2024,nouns,xglm_large,0.008896195223855423,0.025892221338608325
Tuckute2024,nouns,xglm_med,0.010758693423638496,0.040365227722868074
Tuckute2024,nouns,xglm_small,0.09686610154304842,0.1047917053297046
Tuckute2024,nouns,xglm_xl,0.07632974700049448,0.034494975066923526
Tuckute2024,nouns,xlm_align,-0.019091488263921933,0.025464237662670877
Tuckute2024,nouns,xlmr_base,0.03039378519943782,0.03438501096240618
Tuckute2024,nouns,xlmr_large,0.06447570410234006,0.038670359498342244
Tuckute2024,nounsverbs,bert_base,0.007618396571771786,0.022908858693351995
Tuckute2024,nounsverbs,distilmbert,0.0106419274840431,0.020393944296479043
Tuckute2024,nounsverbs,infoxlm_base,0.04362784835456683,0.0400101498645276
Tuckute2024,nounsverbs,infoxlm_large,0.07488950129839772,0.03495942856697481
Tuckute2024,nounsverbs,mdeberta,0.06196313962956021,0.029452084673672604
Tuckute2024,nounsverbs,mgpt,0.14018313627802562,0.06897007307467508
Tuckute2024,nounsverbs,mt5_base,0.05211304013391915,0.03421230494823015
Tuckute2024,nounsverbs,mt5_large,0.07634419406549936,0.04129906411514404
Tuckute2024,nounsverbs,mt5_small,0.0578537700863245,0.020355231711308795
Tuckute2024,nounsverbs,multiminilm,0.05564041315690232,0.03727939291075722
Tuckute2024,nounsverbs,nllb200_1B,0.07393475958147816,0.052255038261305786
Tuckute2024,nounsverbs,nllb200_distilled_1B,0.05618754584639093,0.030014678808895856
Tuckute2024,nounsverbs,nllb200_distilled_600M,0.025085663436362076,0.04017777199983701
Tuckute2024,nounsverbs,xglm_large,0.0676346862057441,0.05330136771554214
Tuckute2024,nounsverbs,xglm_med,0.06159563048488913,0.047168548836892726
Tuckute2024,nounsverbs,xglm_small,0.11918984070083395,0.10395064237814156
Tuckute2024,nounsverbs,xglm_xl,0.08779164507745664,0.03129388190796741
Tuckute2024,nounsverbs,xlm_align,0.029099533533022637,0.039820138941294984
Tuckute2024,nounsverbs,xlmr_base,0.10989631323299223,0.041503693175676086
Tuckute2024,nounsverbs,xlmr_large,0.047638097845424686,0.032331185059093055
Tuckute2024,nounsverbsadj,bert_base,0.017242235857506553,0.025289639293097705
Tuckute2024,nounsverbsadj,distilmbert,0.01395688960590261,0.023474996031030787
Tuckute2024,nounsverbsadj,infoxlm_base,0.04069926600837961,0.04944129416062864
Tuckute2024,nounsverbsadj,infoxlm_large,0.09899790280754986,0.035601912489103646
Tuckute2024,nounsverbsadj,mdeberta,0.09938269838575767,0.030185031437385417
Tuckute2024,nounsverbsadj,mgpt,0.13377213159643153,0.05196008701657817
Tuckute2024,nounsverbsadj,mt5_base,0.08849268673452815,0.04018520908539381
Tuckute2024,nounsverbsadj,mt5_large,0.06714475354358398,0.04155721417323181
Tuckute2024,nounsverbsadj,mt5_small,0.07207870488199271,0.02291923578998979
Tuckute2024,nounsverbsadj,multiminilm,0.06351902835740166,0.04149017064066634
Tuckute2024,nounsverbsadj,nllb200_1B,0.09727735361848609,0.05533662933934297
Tuckute2024,nounsverbsadj,nllb200_distilled_1B,0.07363792599823367,0.030235765837932704
Tuckute2024,nounsverbsadj,nllb200_distilled_600M,0.036094299742727105,0.05413906404513153
Tuckute2024,nounsverbsadj,xglm_large,0.055542842143344616,0.05587275431070798
Tuckute2024,nounsverbsadj,xglm_med,0.08204692694003203,0.050621999630625227
Tuckute2024,nounsverbsadj,xglm_small,0.11731163748152122,0.10492721627395708
Tuckute2024,nounsverbsadj,xglm_xl,0.09526398728882429,0.036809577634442474
Tuckute2024,nounsverbsadj,xlm_align,0.013378987301658547,0.04132120332704645
Tuckute2024,nounsverbsadj,xlmr_base,0.10132219755698951,0.04431714120544841
Tuckute2024,nounsverbsadj,xlmr_large,0.07843665038316215,0.037944182284395334
Tuckute2024,verbs,bert_base,-0.03157364866366059,0.021335918460886588
Tuckute2024,verbs,distilmbert,-0.013936030681963788,0.02595500861741126
Tuckute2024,verbs,infoxlm_base,-0.029823691367215015,0.04024572855000017
Tuckute2024,verbs,infoxlm_large,0.021628791070202637,0.03495221644248384
Tuckute2024,verbs,mdeberta,0.043390581670770506,0.023621293027813378
Tuckute2024,verbs,mgpt,0.14852399586108836,0.075461513777432
Tuckute2024,verbs,mt5_base,0.0637259415814915,0.024361067330223776
Tuckute2024,verbs,mt5_large,0.05552998300062994,0.03240774725672669
Tuckute2024,verbs,mt5_small,-0.004438364471827049,0.025997483456417603
Tuckute2024,verbs,multiminilm,0.033648695013438853,0.03446394358591278
Tuckute2024,verbs,nllb200_1B,-0.03025114236275413,0.024558355636515813
Tuckute2024,verbs,nllb200_distilled_1B,-0.010078022261124336,0.029055226702249023
Tuckute2024,verbs,nllb200_distilled_600M,-0.026015571227829312,0.01520544429865428
Tuckute2024,verbs,xglm_large,0.02618727912600416,0.04012684788142364
Tuckute2024,verbs,xglm_med,0.03655252359498363,0.03059262412368632
Tuckute2024,verbs,xglm_small,0.07628526769651972,0.047842782655811995
Tuckute2024,verbs,xglm_xl,0.01338700134956478,0.026682755083475566
Tuckute2024,verbs,xlm_align,-0.005324727669621681,0.03733924187679311
Tuckute2024,verbs,xlmr_base,0.07579913754025754,0.023812971664855475
Tuckute2024,verbs,xlmr_large,0.01690964770198907,0.024071768119857086
Pereira2018,1LocalWordSwap,bert_base,0.031041356133347527,0.05681743843166261
Pereira2018,1LocalWordSwap,distilmbert,-0.009010002187444154,0.06675846820954337
Pereira2018,1LocalWordSwap,infoxlm_base,0.026033495277560437,0.03701039957737011
Pereira2018,1LocalWordSwap,infoxlm_large,0.03296383535154764,0.03849520118385923
Pereira2018,1LocalWordSwap,mdeberta,0.023407149786292342,0.02387162218881192
Pereira2018,1LocalWordSwap,mgpt,-0.05109765353125571,0.06596424559450305
Pereira2018,1LocalWordSwap,mt5_base,0.019349503208250858,0.03511918424275624
Pereira2018,1LocalWordSwap,mt5_large,0.07244856678674687,0.04551339243349801
Pereira2018,1LocalWordSwap,mt5_small,-0.041844613375627365,0.030319019600993025
Pereira2018,1LocalWordSwap,multiminilm,0.04469612470039341,0.03360468112407326
Pereira2018,1LocalWordSwap,nllb200_1B,0.0002622940873086257,0.04131045205431609
Pereira2018,1LocalWordSwap,nllb200_distilled_1B,-0.0060484603567216265,0.04654711872900031
Pereira2018,1LocalWordSwap,nllb200_distilled_600M,-0.0005332479076785949,0.049702584651726105
Pereira2018,1LocalWordSwap,xglm_large,-0.019974881108559415,0.032803204197895626
Pereira2018,1LocalWordSwap,xglm_med,-0.0017057070530755848,0.034456249135385815
Pereira2018,1LocalWordSwap,xglm_small,0.05277994976429522,0.08887677399224082
Pereira2018,1LocalWordSwap,xglm_xl,0.06687704272852012,0.060207107534271116
Pereira2018,1LocalWordSwap,xlm_align,0.05058273620173498,0.04719274692046436
Pereira2018,1LocalWordSwap,xlmr_base,0.03733009386693374,0.030732943779324715
Pereira2018,1LocalWordSwap,xlmr_large,0.04049338614743783,0.028046167710534153
Pereira2018,2LocalWordSwap,bert_base,0.0174951236441314,0.05788152206878309
Pereira2018,2LocalWordSwap,distilmbert,-0.005883683078206994,0.07072817076682612
Pereira2018,2LocalWordSwap,infoxlm_base,0.01657465206494706,0.036157934537858746
Pereira2018,2LocalWordSwap,infoxlm_large,0.006594039886365664,0.03005623076685761
Pereira2018,2LocalWordSwap,mdeberta,0.010767146660349208,0.024648790465618593
Pereira2018,2LocalWordSwap,mgpt,-0.05472161390515942,0.0604442811590607
Pereira2018,2LocalWordSwap,mt5_base,0.02024343137598148,0.035330647526308746
Pereira2018,2LocalWordSwap,mt5_large,0.0810161383878681,0.04547045375498154
Pereira2018,2LocalWordSwap,mt5_small,-0.04267104606801357,0.0328132502190938
Pereira2018,2LocalWordSwap,multiminilm,0.03522741969257569,0.032994052079303164
Pereira2018,2LocalWordSwap,nllb200_1B,0.0011363465815227723,0.040988531341974076
Pereira2018,2LocalWordSwap,nllb200_distilled_1B,-0.011375335430920246,0.0452299073995344
Pereira2018,2LocalWordSwap,nllb200_distilled_600M,-0.0008032039237908116,0.046865258261269756
Pereira2018,2LocalWordSwap,xglm_large,0.0005155830696229131,0.03380346185578821
Pereira2018,2LocalWordSwap,xglm_med,-0.03408065755269644,0.03286507549122727
Pereira2018,2LocalWordSwap,xglm_small,0.0511019822569141,0.09157725341057288
Pereira2018,2LocalWordSwap,xglm_xl,0.08384556759147566,0.06215334996897684
Pereira2018,2LocalWordSwap,xlm_align,0.04757138659832757,0.045216480191622964
Pereira2018,2LocalWordSwap,xlmr_base,0.04413578754757488,0.030402845489848646
Pereira2018,2LocalWordSwap,xlmr_large,0.009959954234592014,0.021706579736387722
Pereira2018,3LocalWordSwaps,bert_base,0.019986437226000235,0.053042243912604786
Pereira2018,3LocalWordSwaps,distilmbert,-0.0016187387506997146,0.06924489560387719
Pereira2018,3LocalWordSwaps,infoxlm_base,0.02442279814480074,0.0407427883124065
Pereira2018,3LocalWordSwaps,infoxlm_large,-0.0030960991754711478,0.030923752938878345
Pereira2018,3LocalWordSwaps,mdeberta,-0.006530923307392349,0.02486354957591228
Pereira2018,3LocalWordSwaps,mgpt,-0.06067226199708569,0.06986969756675454
Pereira2018,3LocalWordSwaps,mt5_base,0.029493129886421793,0.03265776586205662
Pereira2018,3LocalWordSwaps,mt5_large,0.1014126822877462,0.04474130215942763
Pereira2018,3LocalWordSwaps,mt5_small,-0.03785995926572651,0.032642656558231904
Pereira2018,3LocalWordSwaps,multiminilm,0.040705137356549854,0.03362496141202487
Pereira2018,3LocalWordSwaps,nllb200_1B,0.007334517661198254,0.04387693028283212
Pereira2018,3LocalWordSwaps,nllb200_distilled_1B,-0.0061809429916079035,0.05368413278435355
Pereira2018,3LocalWordSwaps,nllb200_distilled_600M,-0.0020389022299720475,0.05747083923680534
Pereira2018,3LocalWordSwaps,xglm_large,-0.0008481170897774726,0.03489005422400505
Pereira2018,3LocalWordSwaps,xglm_med,-0.03130481386770714,0.027369445020195476
Pereira2018,3LocalWordSwaps,xglm_small,0.08202461389493648,0.0792968381783949
Pereira2018,3LocalWordSwaps,xglm_xl,0.09296223907550022,0.07138041321058129
Pereira2018,3LocalWordSwaps,xlm_align,0.057214828364818344,0.04382214513084439
Pereira2018,3LocalWordSwaps,xlmr_base,0.06149450867935033,0.03017507021103082
Pereira2018,3LocalWordSwaps,xlmr_large,0.006158568994136634,0.026107963538123755
Pereira2018,4LocalWordSwaps,bert_base,0.01364680345018909,0.05034719618328285
Pereira2018,4LocalWordSwaps,distilmbert,-0.01242130754464644,0.06910738886296279
Pereira2018,4LocalWordSwaps,infoxlm_base,0.023390141587477875,0.040657078549397936
Pereira2018,4LocalWordSwaps,infoxlm_large,0.015713347222172505,0.03125683442355697
Pereira2018,4LocalWordSwaps,mdeberta,0.0007415129428603636,0.025427599807950885
Pereira2018,4LocalWordSwaps,mgpt,-0.09440304594641274,0.09340105086026661
Pereira2018,4LocalWordSwaps,mt5_base,0.012570042629713883,0.031933872402389964
Pereira2018,4LocalWordSwaps,mt5_large,0.08651861229376359,0.03838775762472268
Pereira2018,4LocalWordSwaps,mt5_small,-0.044229919517086734,0.03295689122599342
Pereira2018,4LocalWordSwaps,multiminilm,0.03758995049413175,0.031187102514275884
Pereira2018,4LocalWordSwaps,nllb200_1B,0.018317963004811984,0.04611666157806873
Pereira2018,4LocalWordSwaps,nllb200_distilled_1B,-0.0009943708018470077,0.04569241725158479
Pereira2018,4LocalWordSwaps,nllb200_distilled_600M,0.015967612990666322,0.051093909835266516
Pereira2018,4LocalWordSwaps,xglm_large,-0.019360860125669645,0.03173997285708185
Pereira2018,4LocalWordSwaps,xglm_med,-0.02719060644515791,0.028050045215346955
Pereira2018,4LocalWordSwaps,xglm_small,0.06250693821836263,0.07883267994871315
Pereira2018,4LocalWordSwaps,xglm_xl,0.029588329413639574,0.05871579898948195
Pereira2018,4LocalWordSwaps,xlm_align,0.054662496641091796,0.04672363997990615
Pereira2018,4LocalWordSwaps,xlmr_base,0.0541350758542605,0.03414748168117588
Pereira2018,4LocalWordSwaps,xlmr_large,0.011123944210550194,0.02290110628864119
Pereira2018,5LocalWordSwaps,bert_base,0.0009947648625641373,0.04810174967175613
Pereira2018,5LocalWordSwaps,distilmbert,-0.011119173748862588,0.06648875206881111
Pereira2018,5LocalWordSwaps,infoxlm_base,0.034788410055585535,0.03712645732382294
Pereira2018,5LocalWordSwaps,infoxlm_large,0.022474335838130126,0.035308710087456265
Pereira2018,5LocalWordSwaps,mdeberta,-0.010599846423295992,0.022270852066779465
Pereira2018,5LocalWordSwaps,mgpt,-0.009912365612144055,0.04849709811348277
Pereira2018,5LocalWordSwaps,mt5_base,0.0168877958139845,0.033780128816038334
Pereira2018,5LocalWordSwaps,mt5_large,0.07604128508553559,0.03991493163623822
Pereira2018,5LocalWordSwaps,mt5_small,-0.04585223083152294,0.03246456806593511
Pereira2018,5LocalWordSwaps,multiminilm,0.03937436451649124,0.03106261712836665
Pereira2018,5LocalWordSwaps,nllb200_1B,0.01718154356946779,0.04689136146513118
Pereira2018,5LocalWordSwaps,nllb200_distilled_1B,0.0007887560581771977,0.044171395588022834
Pereira2018,5LocalWordSwaps,nllb200_distilled_600M,0.013987396292093224,0.05246069131659767
Pereira2018,5LocalWordSwaps,xglm_large,-0.010907154493552377,0.03294736050616833
Pereira2018,5LocalWordSwaps,xglm_med,0.012676511772714345,0.03805619315260929
Pereira2018,5LocalWordSwaps,xglm_small,0.07992673531349642,0.06266578760423307
Pereira2018,5LocalWordSwaps,xglm_xl,0.022963636026734083,0.048254971067528345
Pereira2018,5LocalWordSwaps,xlm_align,0.04948140396636213,0.040805351712085075
Pereira2018,5LocalWordSwaps,xlmr_base,0.06118251482374047,0.03036973402601587
Pereira2018,5LocalWordSwaps,xlmr_large,0.016267270410741004,0.031654011517440954
Pereira2018,Reversed,bert_base,0.008424504491987329,0.05208421186115153
Pereira2018,Reversed,distilmbert,-0.019417406686921504,0.06538714976996628
Pereira2018,Reversed,infoxlm_base,0.006346230778308075,0.03708001443440228
Pereira2018,Reversed,infoxlm_large,0.0033050195539528504,0.033011596821720945
Pereira2018,Reversed,mdeberta,0.030143186818428407,0.029273128151299493
Pereira2018,Reversed,mgpt,-0.13095930886558896,0.09732159923832101
Pereira2018,Reversed,mt5_base,0.018171107439380222,0.0358956126021801
Pereira2018,Reversed,mt5_large,0.09393799269807661,0.027129924891929554
Pereira2018,Reversed,mt5_small,-0.053568709202931906,0.034193724693458626
Pereira2018,Reversed,multiminilm,-0.001823361369701518,0.02403825194526607
Pereira2018,Reversed,nllb200_1B,0.021722407622091225,0.06247537481775029
Pereira2018,Reversed,nllb200_distilled_1B,0.01070032243012442,0.05949267309524937
Pereira2018,Reversed,nllb200_distilled_600M,-0.0041033505675995684,0.06281540766391923
Pereira2018,Reversed,xglm_large,-0.07325357232986811,0.0363000070205573
Pereira2018,Reversed,xglm_med,-0.006231461185413653,0.039651494699139145
Pereira2018,Reversed,xglm_small,0.07403751303205434,0.0674915280442476
Pereira2018,Reversed,xglm_xl,0.08671378514201483,0.053167364076148076
Pereira2018,Reversed,xlm_align,0.052882226494493895,0.04301704354334088
Pereira2018,Reversed,xlmr_base,0.04337222056601921,0.026342872989360906
Pereira2018,Reversed,xlmr_large,-0.016544529278180824,0.04851407252092877
Pereira2018,contentwords,bert_base,0.05659906445699097,0.05468907447162546
Pereira2018,contentwords,distilmbert,-0.002287781549523394,0.06056840293934685
Pereira2018,contentwords,infoxlm_base,0.020294824637084465,0.04017615733593292
Pereira2018,contentwords,infoxlm_large,0.03578701791502073,0.024284172353763928
Pereira2018,contentwords,mdeberta,-0.032522155152656225,0.024045137169945968
Pereira2018,contentwords,mgpt,0.14201407250785766,0.04556567658193655
Pereira2018,contentwords,mt5_base,0.01116398942360882,0.02190089104935719
Pereira2018,contentwords,mt5_large,0.0631000941652671,0.04235603862112833
Pereira2018,contentwords,mt5_small,-0.03686049938629453,0.03163561892530386
Pereira2018,contentwords,multiminilm,0.0671397642062909,0.034939193283312325
Pereira2018,contentwords,nllb200_1B,0.015140419760338975,0.04351229041864164
Pereira2018,contentwords,nllb200_distilled_1B,-0.01165351341523383,0.03123483773622243
Pereira2018,contentwords,nllb200_distilled_600M,-0.002163478305530757,0.04220513488374412
Pereira2018,contentwords,xglm_large,-0.014494906616375527,0.03314012746803676
Pereira2018,contentwords,xglm_med,0.059897722914794414,0.049566265513623316
Pereira2018,contentwords,xglm_small,0.022535216042530615,0.09956082555406288
Pereira2018,contentwords,xglm_xl,0.10035065312904527,0.045454419989471785
Pereira2018,contentwords,xlm_align,0.04387844731129367,0.050236750049423455
Pereira2018,contentwords,xlmr_base,0.09444828529628044,0.04589808387597862
Pereira2018,contentwords,xlmr_large,0.0064928499081766755,0.018524458029518614
Pereira2018,functionwords,bert_base,0.05003691046440848,0.05229852921219697
Pereira2018,functionwords,distilmbert,0.0438969287423917,0.028716153580672255
Pereira2018,functionwords,infoxlm_base,-0.07140050835787215,0.034685958575424176
Pereira2018,functionwords,infoxlm_large,-0.012638168810774146,0.036797684377984995
Pereira2018,functionwords,mdeberta,-0.014331866749411207,0.02590524487697041
Pereira2018,functionwords,mgpt,-0.007553702375522902,0.05447899522093574
Pereira2018,functionwords,mt5_base,-0.01920161585265317,0.027880000348704526
Pereira2018,functionwords,mt5_large,0.029331615514456264,0.02961798372378137
Pereira2018,functionwords,mt5_small,-0.019382178933181296,0.02754428843993552
Pereira2018,functionwords,multiminilm,0.0005115192393684761,0.01788557258070596
Pereira2018,functionwords,nllb200_1B,0.013430810898080466,0.05486951186752086
Pereira2018,functionwords,nllb200_distilled_1B,-0.027976823334294947,0.059221874707770635
Pereira2018,functionwords,nllb200_distilled_600M,-0.02201705901071148,0.05626483967362683
Pereira2018,functionwords,xglm_large,-0.0011530285362679504,0.03333962785104519
Pereira2018,functionwords,xglm_med,-0.023889006365053648,0.026903743039201306
Pereira2018,functionwords,xglm_small,0.12528831153719433,0.08471991667834838
Pereira2018,functionwords,xglm_xl,-0.04366675570737848,0.03970700874110394
Pereira2018,functionwords,xlm_align,-0.028083765879731548,0.03176941859948764
Pereira2018,functionwords,xlmr_base,0.019282603316616475,0.033626563597465846
Pereira2018,functionwords,xlmr_large,-0.011051184868844235,0.03027899075023645
Pereira2018,intact,bert_base,0.04996818294510156,0.059342008174296586
Pereira2018,intact,distilmbert,0.018680673789352033,0.07347329255506295
Pereira2018,intact,infoxlm_base,0.052607681312753084,0.04440834931828439
Pereira2018,intact,infoxlm_large,0.05327902806506623,0.03324465220553943
Pereira2018,intact,mdeberta,0.03153034073110305,0.02305507376492517
Pereira2018,intact,mgpt,0.1096433005922189,0.025686769654149413
Pereira2018,intact,mt5_base,0.020301189012141067,0.0366938408076831
Pereira2018,intact,mt5_large,0.1030516928240523,0.046597503506414804
Pereira2018,intact,mt5_small,-0.0323184319288163,0.02972101357544703
Pereira2018,intact,multiminilm,0.05593595813445711,0.03607711918884257
Pereira2018,intact,nllb200_1B,0.006410335889861396,0.032568270081507665
Pereira2018,intact,nllb200_distilled_1B,0.0015687667543463025,0.03949672607197734
Pereira2018,intact,nllb200_distilled_600M,0.01433888433264608,0.043755930091112026
Pereira2018,intact,xglm_large,0.005375347944894807,0.03443678993204799
Pereira2018,intact,xglm_med,0.019056520994890948,0.03447678877113213
Pereira2018,intact,xglm_small,0.0671020224863068,0.08218196668106287
Pereira2018,intact,xglm_xl,0.08077522155289663,0.06482741776071847
Pereira2018,intact,xlm_align,0.07041647141842218,0.05400090648463645
Pereira2018,intact,xlmr_base,0.0689352650858319,0.036467929298406816
Pereira2018,intact,xlmr_large,0.030230719174166396,0.023375045023997232
Pereira2018,nouns,bert_base,0.06767098074786856,0.044051149895291845
Pereira2018,nouns,distilmbert,0.04944889626844327,0.045699219247440255
Pereira2018,nouns,infoxlm_base,0.07525629802113065,0.0282104890829858
Pereira2018,nouns,infoxlm_large,0.057743899375067645,0.022816401332708403
Pereira2018,nouns,mdeberta,-0.0010597272870109362,0.021419860257377285
Pereira2018,nouns,mgpt,0.16055031847188994,0.09406062399389065
Pereira2018,nouns,mt5_base,0.030440506790148328,0.019991065313462477
Pereira2018,nouns,mt5_large,0.05504618106757291,0.03294057436719892
Pereira2018,nouns,mt5_small,-0.028279173752462843,0.029053373262122695
Pereira2018,nouns,multiminilm,0.09047577396588159,0.02913335270374956
Pereira2018,nouns,nllb200_1B,0.0023464720877796707,0.027419781264520233
Pereira2018,nouns,nllb200_distilled_1B,-0.022537304323193667,0.03200131506667563
Pereira2018,nouns,nllb200_distilled_600M,-0.007397790494200483,0.031448706027738534
Pereira2018,nouns,xglm_large,0.03487873516526119,0.04078869453860249
Pereira2018,nouns,xglm_med,0.051907187237955454,0.040878187230149986
Pereira2018,nouns,xglm_small,-0.0059609192442001725,0.08973541972298264
Pereira2018,nouns,xglm_xl,0.08134588254044924,0.03735154952409724
Pereira2018,nouns,xlm_align,0.0414371427591529,0.046175894217387305
Pereira2018,nouns,xlmr_base,0.05776361796366103,0.0336169309496465
Pereira2018,nouns,xlmr_large,0.0680411608191412,0.02916178282062419
Pereira2018,nounsverbs,bert_base,0.0454878391497675,0.04809490490744364
Pereira2018,nounsverbs,distilmbert,0.02265230430391287,0.05256477416643427
Pereira2018,nounsverbs,infoxlm_base,0.026362606653700424,0.032973580154438444
Pereira2018,nounsverbs,infoxlm_large,0.017663623800739405,0.022921942349267723
Pereira2018,nounsverbs,mdeberta,-0.022390934001851943,0.025091261571999746
Pereira2018,nounsverbs,mgpt,0.1404646839502729,0.06820891072105634
Pereira2018,nounsverbs,mt5_base,0.013009860153289268,0.020561890749287538
Pereira2018,nounsverbs,mt5_large,0.010013756540751203,0.030737870424002778
Pereira2018,nounsverbs,mt5_small,-0.036022951075949564,0.03212273069958987
Pereira2018,nounsverbs,multiminilm,0.08430086185751658,0.031245584918658212
Pereira2018,nounsverbs,nllb200_1B,0.026797943503573573,0.0343492396022332
Pereira2018,nounsverbs,nllb200_distilled_1B,-0.006627081984291604,0.02778203159224593
Pereira2018,nounsverbs,nllb200_distilled_600M,0.004890608825495936,0.03023755596098351
Pereira2018,nounsverbs,xglm_large,0.011719502958273202,0.02714032494571938
Pereira2018,nounsverbs,xglm_med,0.07095373540519577,0.05254295361919686
Pereira2018,nounsverbs,xglm_small,0.02144141305827963,0.10005152042945424
Pereira2018,nounsverbs,xglm_xl,0.0802142983598801,0.04353581422191443
Pereira2018,nounsverbs,xlm_align,0.04439214357946755,0.04259034530680796
Pereira2018,nounsverbs,xlmr_base,0.04914071344201478,0.04177190485010076
Pereira2018,nounsverbs,xlmr_large,0.015042128809988196,0.024467433174267045
Pereira2018,nounsverbsadj,bert_base,0.046894308903126125,0.053177403349301766
Pereira2018,nounsverbsadj,distilmbert,0.011679028446946928,0.05920488551034462
Pereira2018,nounsverbsadj,infoxlm_base,0.019334141292042282,0.03751095128301716
Pereira2018,nounsverbsadj,infoxlm_large,0.038190652539607295,0.02506696234872463
Pereira2018,nounsverbsadj,mdeberta,-0.025773414225255,0.022602205306661016
Pereira2018,nounsverbsadj,mgpt,0.15390116936851053,0.07374283800860179
Pereira2018,nounsverbsadj,mt5_base,0.013899550345222673,0.020876198573112636
Pereira2018,nounsverbsadj,mt5_large,0.07330721263025569,0.04206938394214391
Pereira2018,nounsverbsadj,mt5_small,-0.03230887082693841,0.0319096652610422
Pereira2018,nounsverbsadj,multiminilm,0.08104960442232244,0.038410897175266384
Pereira2018,nounsverbsadj,nllb200_1B,0.015800402600275487,0.03840594446185585
Pereira2018,nounsverbsadj,nllb200_distilled_1B,-0.004146828057156848,0.02996306747407967
Pereira2018,nounsverbsadj,nllb200_distilled_600M,0.006290311665132321,0.04229876754612653
Pereira2018,nounsverbsadj,xglm_large,-0.023449713106105968,0.037779992937106106
Pereira2018,nounsverbsadj,xglm_med,0.06451331293785814,0.054910608419743205
Pereira2018,nounsverbsadj,xglm_small,0.019707981407755846,0.09921504131326747
Pereira2018,nounsverbsadj,xglm_xl,0.09986926668994484,0.04303065802991515
Pereira2018,nounsverbsadj,xlm_align,0.03867007531318516,0.05077023235978991
Pereira2018,nounsverbsadj,xlmr_base,0.08454815029929424,0.041968565151638375
Pereira2018,nounsverbsadj,xlmr_large,0.008565807004441562,0.017796207068613654
Pereira2018,paraphrase,bert_base,0.02309825264300522,0.05548939393222758
Pereira2018,paraphrase,distilmbert,0.018351718202770824,0.06115550845474455
Pereira2018,paraphrase,infoxlm_base,0.04766132411189065,0.035416126349459294
Pereira2018,paraphrase,infoxlm_large,0.035887886983560685,0.03602810219494815
Pereira2018,paraphrase,mdeberta,0.03422631150143876,0.03176579402426518
Pereira2018,paraphrase,mgpt,0.16253221099274662,0.07731789108024283
Pereira2018,paraphrase,mt5_base,0.0033625701093635946,0.026111734335593672
Pereira2018,paraphrase,mt5_large,0.10035344215636394,0.05121961429782485
Pereira2018,paraphrase,mt5_small,-0.008518727659759386,0.022744670756502158
Pereira2018,paraphrase,multiminilm,0.05342177292370876,0.03404808553224508
Pereira2018,paraphrase,nllb200_1B,-0.013495022336476177,0.03759595028380024
Pereira2018,paraphrase,nllb200_distilled_1B,0.0033920062740328363,0.035318414299589956
Pereira2018,paraphrase,nllb200_distilled_600M,0.031804095730741146,0.041995105309626225
Pereira2018,paraphrase,xglm_large,0.02708326837110212,0.04111485637400559
Pereira2018,paraphrase,xglm_med,0.02162193977420252,0.03407403819670982
Pereira2018,paraphrase,xglm_small,0.0011070912415200801,0.08893617066629028
Pereira2018,paraphrase,xglm_xl,0.08545853778617593,0.06392065517506844
Pereira2018,paraphrase,xlm_align,0.06982239152689639,0.04680309597574659
Pereira2018,paraphrase,xlmr_base,0.06912889700537357,0.03342930954741185
Pereira2018,paraphrase,xlmr_large,0.01447519132252791,0.025027090763076933
Pereira2018,verbs,bert_base,0.03876515747176439,0.0294894583468486
Pereira2018,verbs,distilmbert,0.0013976093107477396,0.032035890302806465
Pereira2018,verbs,infoxlm_base,0.01934705837000009,0.028744269532532892
Pereira2018,verbs,infoxlm_large,0.04990845491023016,0.025250552694134634
Pereira2018,verbs,mdeberta,0.08830620603824714,0.033990319005127265
Pereira2018,verbs,mgpt,0.1803010377838148,0.08978576365784209
Pereira2018,verbs,mt5_base,0.041312930821631594,0.030714977119342516
Pereira2018,verbs,mt5_large,0.05790218966778185,0.029915604777519148
Pereira2018,verbs,mt5_small,-0.014973840740239226,0.020291613688382882
Pereira2018,verbs,multiminilm,0.06488973798995248,0.022230937754986548
Pereira2018,verbs,nllb200_1B,0.04779531564628025,0.04707103904908259
Pereira2018,verbs,nllb200_distilled_1B,0.05440178842329837,0.04041466875318692
Pereira2018,verbs,nllb200_distilled_600M,0.034265503538823835,0.04325752984641376
Pereira2018,verbs,xglm_large,-0.0022338719627125283,0.027468438966765794
Pereira2018,verbs,xglm_med,0.033700043511281835,0.04237310084597543
Pereira2018,verbs,xglm_small,0.022926140050454947,0.0901228868837789
Pereira2018,verbs,xglm_xl,0.11850506387091626,0.03416971816400581
Pereira2018,verbs,xlm_align,0.029631970184424355,0.021701519652401056
Pereira2018,verbs,xlmr_base,0.020926847454944737,0.02357061440214878
Pereira2018,verbs,xlmr_large,0.021069264252301243,0.023550129840693518
