layer,r_mean,r_std,lang,r_transf,r_random
0,0.22896537692685376,0.07890880183318541,es,0.15528901399564576,-0.12914808026702132
0,0.22896537692685376,0.07890880183318541,mr,-0.14014554024171724,0.037387976056678054
0,0.22896537692685376,0.07890880183318541,af,0.01892733509794961,-0.012806018972208181
0,0.22896537692685376,0.07890880183318541,vi,0.06304442159964899,-0.007234336280981894
0,0.22896537692685376,0.07890880183318541,ta,0.15669977701937798,-0.14224614987266343
0,0.22896537692685376,0.07890880183318541,lt,0.1520939445376612,-0.004269087158688628
0,0.22896537692685376,0.07890880183318541,tr,0.20278694694297902,-0.08169562422078332
0,0.22896537692685376,0.07890880183318541,nl,-0.017931404311631545,0.012032832034580955
0,0.22896537692685376,0.07890880183318541,no,0.08685641002732862,-0.042343928600318485
0,0.22896537692685376,0.07890880183318541,fa,0.2748919553142266,0.038429203434122164
0,0.22896537692685376,0.07890880183318541,fr,0.010668272139976568,-0.07278454875468762
0,0.22896537692685376,0.07890880183318541,ro,0.18502386832164625,0.028877434132252355
1,0.22963650873369432,0.07930823244717299,es,0.12144942879893289,-0.09421698428801879
1,0.22963650873369432,0.07930823244717299,mr,-0.13444348791379854,0.051803956285907074
1,0.22963650873369432,0.07930823244717299,af,0.09673249398395993,-0.03114905768582144
1,0.22963650873369432,0.07930823244717299,vi,0.08352405318758052,-0.018657573177326532
1,0.22963650873369432,0.07930823244717299,ta,0.29688268638214715,-0.1262464804458532
1,0.22963650873369432,0.07930823244717299,lt,0.20783260989615315,-0.011052287788714027
1,0.22963650873369432,0.07930823244717299,tr,0.21613963146340742,-0.03453189781052651
1,0.22963650873369432,0.07930823244717299,nl,0.004855158963354547,-0.010293946130982995
1,0.22963650873369432,0.07930823244717299,no,0.04808624180001177,-0.04251480800615134
1,0.22963650873369432,0.07930823244717299,fa,0.26956286891098274,0.10375493723667258
1,0.22963650873369432,0.07930823244717299,fr,0.045476698728308784,-0.0679437823260118
1,0.22963650873369432,0.07930823244717299,ro,0.21507440752171056,-0.027385690040656416
2,0.2396234582870236,0.08671371236097149,es,0.1040103716738968,-0.1464814988600703
2,0.2396234582870236,0.08671371236097149,mr,-0.11359349726785159,0.11542307590391082
2,0.2396234582870236,0.08671371236097149,af,0.12961200691439362,-0.010394954446152417
2,0.2396234582870236,0.08671371236097149,vi,0.04416418410161538,-0.021578247741656724
2,0.2396234582870236,0.08671371236097149,ta,0.3255346764330723,-0.08688795618766627
2,0.2396234582870236,0.08671371236097149,lt,0.1856085182081446,-0.03411018000470356
2,0.2396234582870236,0.08671371236097149,tr,0.20866939400941037,-0.039131084765029175
2,0.2396234582870236,0.08671371236097149,nl,0.006321607382220716,0.0078646240773525
2,0.2396234582870236,0.08671371236097149,no,0.040510782580820484,-0.06117512147145042
2,0.2396234582870236,0.08671371236097149,fa,0.26699991615270824,0.06576849659124591
2,0.2396234582870236,0.08671371236097149,fr,0.03060647215905486,-0.05620928914023299
2,0.2396234582870236,0.08671371236097149,ro,0.21566263529143456,-0.07839200576024843
3,0.24871534627253977,0.09614592488183248,es,0.08709809640205333,-0.161117534346919
3,0.24871534627253977,0.09614592488183248,mr,0.06443432548953418,0.20332320848740262
3,0.24871534627253977,0.09614592488183248,af,0.10658240799419559,-0.07409228710921263
3,0.24871534627253977,0.09614592488183248,vi,0.05931537679966007,-0.0072189429329299806
3,0.24871534627253977,0.09614592488183248,ta,0.26265663997056166,-0.14017326460330282
3,0.24871534627253977,0.09614592488183248,lt,0.2847768757168894,-0.05136506152903913
3,0.24871534627253977,0.09614592488183248,tr,0.3002709211731066,-0.004364577688968727
3,0.24871534627253977,0.09614592488183248,nl,-0.026809940464911693,-0.03679316594099014
3,0.24871534627253977,0.09614592488183248,no,0.09601925342688535,-0.010154894774177093
3,0.24871534627253977,0.09614592488183248,fa,0.3193682434767902,0.11673163779780257
3,0.24871534627253977,0.09614592488183248,fr,0.017565338329485446,-0.07737584166562128
3,0.24871534627253977,0.09614592488183248,ro,0.23921565709586343,-0.08345567156966079
4,0.25759199762789176,0.0955717040418957,es,0.09531931617863407,-0.15361002183739605
4,0.25759199762789176,0.0955717040418957,mr,0.04667623169855171,0.25547425861008205
4,0.25759199762789176,0.0955717040418957,af,0.10493972630781072,-0.044130417705567575
4,0.25759199762789176,0.0955717040418957,vi,0.07218143972578678,0.0341085189030129
4,0.25759199762789176,0.0955717040418957,ta,0.2256976363684862,-0.12785380032854868
4,0.25759199762789176,0.0955717040418957,lt,0.29975472172822076,-0.028903941520386542
4,0.25759199762789176,0.0955717040418957,tr,0.28749613440822996,0.0196326371674328
4,0.25759199762789176,0.0955717040418957,nl,-0.029214307135569623,-0.047703391512716055
4,0.25759199762789176,0.0955717040418957,no,0.0888137745039134,0.009733113529895357
4,0.25759199762789176,0.0955717040418957,fa,0.33952404338077713,0.09759319619923205
4,0.25759199762789176,0.0955717040418957,fr,0.024405809445699783,-0.09307504050322743
4,0.25759199762789176,0.0955717040418957,ro,0.2474803368799112,-0.06742768409628316
5,0.2600867863685201,0.10129333451652738,es,0.07405883420098763,-0.15146645623117047
5,0.2600867863685201,0.10129333451652738,mr,0.012057440321107254,0.2959540209751912
5,0.2600867863685201,0.10129333451652738,af,0.09488658155396144,-0.13006665573340392
5,0.2600867863685201,0.10129333451652738,vi,0.08190576552616154,0.05171648515634167
5,0.2600867863685201,0.10129333451652738,ta,0.2265964122433257,-0.17651231025163908
5,0.2600867863685201,0.10129333451652738,lt,0.33312431865729175,-0.047631239962381895
5,0.2600867863685201,0.10129333451652738,tr,0.32401840499780293,0.028068820907363262
5,0.2600867863685201,0.10129333451652738,nl,-0.05719235532668539,-0.005136858861089967
5,0.2600867863685201,0.10129333451652738,no,0.09016787030560726,0.020036012163564144
5,0.2600867863685201,0.10129333451652738,fa,0.329560833023574,0.12805551695699816
5,0.2600867863685201,0.10129333451652738,fr,0.0013323156454904935,-0.07776755997824346
5,0.2600867863685201,0.10129333451652738,ro,0.2886880623627657,-0.10100413299560715
6,0.2644839268353756,0.11104943743389464,es,0.07883946011371641,-0.13907508382320694
6,0.2644839268353756,0.11104943743389464,mr,0.03727373543381434,0.32691830622730117
6,0.2644839268353756,0.11104943743389464,af,0.08872491985796109,-0.16603957294840124
6,0.2644839268353756,0.11104943743389464,vi,0.1000892176803346,0.07204192921874558
6,0.2644839268353756,0.11104943743389464,ta,0.23553530443079956,-0.19240956792502778
6,0.2644839268353756,0.11104943743389464,lt,0.3467240272087833,-0.06143225088317727
6,0.2644839268353756,0.11104943743389464,tr,0.3236551511424546,0.0840304556336479
6,0.2644839268353756,0.11104943743389464,nl,-0.0826925694432779,-0.03389313757902097
6,0.2644839268353756,0.11104943743389464,no,0.09954314841542888,0.07148334880514855
6,0.2644839268353756,0.11104943743389464,fa,0.32050024096935864,0.11649445597460337
6,0.2644839268353756,0.11104943743389464,fr,-0.018302175983853197,-0.11324677660164799
6,0.2644839268353756,0.11104943743389464,ro,0.28959813682698876,-0.09399942376949283
7,0.2844996390059226,0.1107826921034633,es,0.09391179309376903,-0.108870251169606
7,0.2844996390059226,0.1107826921034633,mr,0.02397939857709393,0.31639594136571286
7,0.2844996390059226,0.1107826921034633,af,0.09213789099343547,-0.1755890266471718
7,0.2844996390059226,0.1107826921034633,vi,0.1355057644201721,0.06239835877698785
7,0.2844996390059226,0.1107826921034633,ta,0.24036387635057363,-0.19869438340805648
7,0.2844996390059226,0.1107826921034633,lt,0.3641675977379678,-0.054049038372994636
7,0.2844996390059226,0.1107826921034633,tr,0.3059078517650141,0.048113627405409934
7,0.2844996390059226,0.1107826921034633,nl,-0.07067907241993808,0.00985198666430881
7,0.2844996390059226,0.1107826921034633,no,0.10045286452302829,0.03929975221821235
7,0.2844996390059226,0.1107826921034633,fa,0.3101040481634643,0.112524185020593
7,0.2844996390059226,0.1107826921034633,fr,-0.013838817954334845,-0.10770941838928154
7,0.2844996390059226,0.1107826921034633,ro,0.29748546640616713,-0.12624355767215253
8,0.2824712274309632,0.1200265834392989,es,0.11315644430811847,-0.10267780116264852
8,0.2824712274309632,0.1200265834392989,mr,0.08177264899604252,0.35403197598617725
8,0.2824712274309632,0.1200265834392989,af,0.09749450604255917,-0.14641199852663606
8,0.2824712274309632,0.1200265834392989,vi,0.13923168088819876,0.08266686774076328
8,0.2824712274309632,0.1200265834392989,ta,0.26456241923710466,-0.19459736001102387
8,0.2824712274309632,0.1200265834392989,lt,0.35957519128544235,-0.04311891666981399
8,0.2824712274309632,0.1200265834392989,tr,0.3177143333224783,0.04683792263002632
8,0.2824712274309632,0.1200265834392989,nl,-0.05725940701237131,-0.011916849183443228
8,0.2824712274309632,0.1200265834392989,no,0.11654002001358406,0.050742847468662054
8,0.2824712274309632,0.1200265834392989,fa,0.3330078755819955,0.1773357289989096
8,0.2824712274309632,0.1200265834392989,fr,-0.019811372427796584,-0.08883899079618322
8,0.2824712274309632,0.1200265834392989,ro,0.28013089019274773,-0.12795733333324186
9,0.32695001864068146,0.12729483286608517,es,0.0909170741531873,-0.1330545906225359
9,0.32695001864068146,0.12729483286608517,mr,-0.09484526689751488,0.3484680932919206
9,0.32695001864068146,0.12729483286608517,af,0.15779505155808274,-0.1348924010587889
9,0.32695001864068146,0.12729483286608517,vi,0.133333601238783,0.07805871648141934
9,0.32695001864068146,0.12729483286608517,ta,0.30887389992711584,-0.237790131774691
9,0.32695001864068146,0.12729483286608517,lt,0.2847397228755236,-0.058793186065401605
9,0.32695001864068146,0.12729483286608517,tr,0.19311521357064454,0.07879972337902673
9,0.32695001864068146,0.12729483286608517,nl,0.05657535171602219,0.005692866837189067
9,0.32695001864068146,0.12729483286608517,no,0.0388742530190721,0.05183274562071899
9,0.32695001864068146,0.12729483286608517,fa,0.2290980621697485,0.15389260093029405
9,0.32695001864068146,0.12729483286608517,fr,-0.03362813455542802,-0.10254326196262034
9,0.32695001864068146,0.12729483286608517,ro,0.368331654190253,-0.15135495253898812
10,0.36811178597791083,0.12666155025573655,es,0.0264936972502075,-0.15314531789707417
10,0.36811178597791083,0.12666155025573655,mr,-0.029143959868361654,0.35207963790118374
10,0.36811178597791083,0.12666155025573655,af,0.17091753351167255,-0.21480462884017745
10,0.36811178597791083,0.12666155025573655,vi,0.16419341724552464,0.09346013919212143
10,0.36811178597791083,0.12666155025573655,ta,0.36773772091395085,-0.25019460251661224
10,0.36811178597791083,0.12666155025573655,lt,0.3271320804188211,-0.0873990789458165
10,0.36811178597791083,0.12666155025573655,tr,0.21114664502320252,0.11211327116417498
10,0.36811178597791083,0.12666155025573655,nl,0.04326895995309432,0.022332016300271356
10,0.36811178597791083,0.12666155025573655,no,0.09231440162050206,0.07581366803006513
10,0.36811178597791083,0.12666155025573655,fa,0.27770990401618795,0.1640880442376501
10,0.36811178597791083,0.12666155025573655,fr,0.11111063165656666,-0.1259344330383908
10,0.36811178597791083,0.12666155025573655,ro,0.34582495918937706,-0.15642338947240458
11,0.3809989891568633,0.1212739058574292,es,0.09538927658615731,-0.20774569202448345
11,0.3809989891568633,0.1212739058574292,mr,0.021348241736220828,0.2959173681688397
11,0.3809989891568633,0.1212739058574292,af,0.1852368086793279,-0.2292004063519933
11,0.3809989891568633,0.1212739058574292,vi,0.24404922518685696,0.060322099752214565
11,0.3809989891568633,0.1212739058574292,ta,0.3591771706911634,-0.24591268992653156
11,0.3809989891568633,0.1212739058574292,lt,0.27233215180392967,-0.12073144021531998
11,0.3809989891568633,0.1212739058574292,tr,0.17918143107540144,0.13346306768297286
11,0.3809989891568633,0.1212739058574292,nl,0.0046755107478331824,0.012630460795997814
11,0.3809989891568633,0.1212739058574292,no,-0.008874233540362863,0.05450373259718266
11,0.3809989891568633,0.1212739058574292,fa,0.2927217374385501,0.11082653417136903
11,0.3809989891568633,0.1212739058574292,fr,0.18081962228352108,-0.10902529489633556
11,0.3809989891568633,0.1212739058574292,ro,0.33885908342375937,-0.13956621892229706
12,0.38785096659531226,0.1184602628442629,es,0.1549481937698719,-0.18357718189280736
12,0.38785096659531226,0.1184602628442629,mr,0.062428936895076614,0.34649800665282726
12,0.38785096659531226,0.1184602628442629,af,0.14848432716226237,-0.2108090482895199
12,0.38785096659531226,0.1184602628442629,vi,0.25209969389051917,0.0696778566888198
12,0.38785096659531226,0.1184602628442629,ta,0.46723399401626786,-0.2653691972066819
12,0.38785096659531226,0.1184602628442629,lt,0.3682396860485187,-0.09185968686789776
12,0.38785096659531226,0.1184602628442629,tr,0.20838785622342096,0.14314877258468797
12,0.38785096659531226,0.1184602628442629,nl,-0.015533950266704745,-0.014900397714500987
12,0.38785096659531226,0.1184602628442629,no,0.005357849877254509,0.06665544294755965
12,0.38785096659531226,0.1184602628442629,fa,0.35250133989507226,0.12227734661637883
12,0.38785096659531226,0.1184602628442629,fr,0.1937207272320883,-0.13512372248801313
12,0.38785096659531226,0.1184602628442629,ro,0.3945076527772928,-0.10768882490346059
13,0.38879085721960105,0.13653049415489188,es,0.16388353933427785,-0.165815586705376
13,0.38879085721960105,0.13653049415489188,mr,-0.05700052348347177,0.3322968411128732
13,0.38879085721960105,0.13653049415489188,af,0.2214051519804717,-0.20938772810560427
13,0.38879085721960105,0.13653049415489188,vi,0.2622014305088924,0.08042954928108799
13,0.38879085721960105,0.13653049415489188,ta,0.535139530403149,-0.2928110119296197
13,0.38879085721960105,0.13653049415489188,lt,0.3607149228178676,-0.16280730218283923
13,0.38879085721960105,0.13653049415489188,tr,0.22060851670716503,0.14986277076964388
13,0.38879085721960105,0.13653049415489188,nl,0.031083931492102958,-0.001816739232007344
13,0.38879085721960105,0.13653049415489188,no,-0.007998167418160528,0.033566896518021305
13,0.38879085721960105,0.13653049415489188,fa,0.37034163106626583,0.05694355692063205
13,0.38879085721960105,0.13653049415489188,fr,0.19204517484759318,-0.11756501967151745
13,0.38879085721960105,0.13653049415489188,ro,0.4301407169113786,-0.16705222830549216
14,0.40840550879949766,0.14129483141114105,es,0.16454769798138133,-0.19717497394800113
14,0.40840550879949766,0.14129483141114105,mr,0.0022632040868485912,0.32739792205083157
14,0.40840550879949766,0.14129483141114105,af,0.19319766837207852,-0.20953655881518468
14,0.40840550879949766,0.14129483141114105,vi,0.30799882494811637,0.07626240415736923
14,0.40840550879949766,0.14129483141114105,ta,0.5584918799026933,-0.3015263228684573
14,0.40840550879949766,0.14129483141114105,lt,0.3862547660548467,-0.19828022924618194
14,0.40840550879949766,0.14129483141114105,tr,0.3136129257377402,0.16964683683961876
14,0.40840550879949766,0.14129483141114105,nl,-0.00606790398479906,0.004581133841023823
14,0.40840550879949766,0.14129483141114105,no,0.02986535523118456,0.0708029266515081
14,0.40840550879949766,0.14129483141114105,fa,0.45688718000115447,0.03502873669229476
14,0.40840550879949766,0.14129483141114105,fr,0.17893830644271608,-0.11201462899293083
14,0.40840550879949766,0.14129483141114105,ro,0.42645878219419164,-0.1853606880124934
15,0.3930588055946039,0.15458393453200728,es,0.19817996384227712,-0.18602439884636696
15,0.3930588055946039,0.15458393453200728,mr,0.06342637510965511,0.3113241073782775
15,0.3930588055946039,0.15458393453200728,af,0.07887132674035993,-0.2671834752045122
15,0.3930588055946039,0.15458393453200728,vi,0.2852191518012158,0.0619117604094709
15,0.3930588055946039,0.15458393453200728,ta,0.5990993271315518,-0.37573395306258106
15,0.3930588055946039,0.15458393453200728,lt,0.45774019921470377,-0.21907009313286865
15,0.3930588055946039,0.15458393453200728,tr,0.39499556211175774,0.155096478130444
15,0.3930588055946039,0.15458393453200728,nl,-0.058971961970736946,-0.005141951182166883
15,0.3930588055946039,0.15458393453200728,no,0.10109643183123308,0.04280640641275878
15,0.3930588055946039,0.15458393453200728,fa,0.4989056479258182,-0.000489801606306954
15,0.3930588055946039,0.15458393453200728,fr,0.12078789328553129,-0.11637830553279006
15,0.3930588055946039,0.15458393453200728,ro,0.44674690203224166,-0.19667557045851095
16,0.41847384832451984,0.13484174208400396,es,0.11905138009581644,-0.12446253338783471
16,0.41847384832451984,0.13484174208400396,mr,0.13199904929904532,0.2989826508046609
16,0.41847384832451984,0.13484174208400396,af,0.02524065088921842,-0.2268888943877863
16,0.41847384832451984,0.13484174208400396,vi,0.309350370448403,0.04529464756852687
16,0.41847384832451984,0.13484174208400396,ta,0.5667845306912103,-0.30832998641709686
16,0.41847384832451984,0.13484174208400396,lt,0.5285109274773917,-0.20548692193033308
16,0.41847384832451984,0.13484174208400396,tr,0.3989936154595139,0.1796087741600098
16,0.41847384832451984,0.13484174208400396,nl,-0.10439792418906638,0.014977660444331225
16,0.41847384832451984,0.13484174208400396,no,0.20694925419150356,0.03926638880847756
16,0.41847384832451984,0.13484174208400396,fa,0.5169805438765777,-0.054608106980847684
16,0.41847384832451984,0.13484174208400396,fr,0.0679017688560111,-0.11986443023312945
16,0.41847384832451984,0.13484174208400396,ro,0.436249429990555,-0.14935717287298256
17,0.42230664815647206,0.11778960364464776,es,0.1341973822119481,-0.19063827696945504
17,0.42230664815647206,0.11778960364464776,mr,0.1848416872750915,0.3158498351740296
17,0.42230664815647206,0.11778960364464776,af,0.07318096845468058,-0.21814131020469707
17,0.42230664815647206,0.11778960364464776,vi,0.31765520683891085,-5.639030280132172e-05
17,0.42230664815647206,0.11778960364464776,ta,0.5279384742517249,-0.29117110588917705
17,0.42230664815647206,0.11778960364464776,lt,0.48468705939132556,-0.21898633914061844
17,0.42230664815647206,0.11778960364464776,tr,0.4428699819329807,0.09914595408676696
17,0.42230664815647206,0.11778960364464776,nl,-0.02598570270165485,-0.022651910322090716
17,0.42230664815647206,0.11778960364464776,no,0.19694575400716885,0.012072722936876707
17,0.42230664815647206,0.11778960364464776,fa,0.5552557118226991,-0.12565287573168213
17,0.42230664815647206,0.11778960364464776,fr,0.08565314796454444,-0.08898417623642975
17,0.42230664815647206,0.11778960364464776,ro,0.36971325932048527,-0.1847692400044758
18,0.4123585931564434,0.12594496418509862,es,0.19219894054103856,-0.18559529448454992
18,0.4123585931564434,0.12594496418509862,mr,0.1227780571323755,0.32777978654739276
18,0.4123585931564434,0.12594496418509862,af,0.10244165636586951,-0.1907480377199696
18,0.4123585931564434,0.12594496418509862,vi,0.2746070206504103,-0.019770093479170192
18,0.4123585931564434,0.12594496418509862,ta,0.5763980562436809,-0.3054972331666153
18,0.4123585931564434,0.12594496418509862,lt,0.4820084567448726,-0.2147238331888537
18,0.4123585931564434,0.12594496418509862,tr,0.4463364767410985,0.10168254096921374
18,0.4123585931564434,0.12594496418509862,nl,-0.021377708479033194,-0.037786454860990325
18,0.4123585931564434,0.12594496418509862,no,0.1503959321863538,0.010104393356365616
18,0.4123585931564434,0.12594496418509862,fa,0.5201845625552503,-0.18167392488414122
18,0.4123585931564434,0.12594496418509862,fr,0.1250759743093184,-0.11006857237323565
18,0.4123585931564434,0.12594496418509862,ro,0.3663366740011303,-0.18409090398150113
19,0.40029424440897177,0.12444244669524109,es,0.20231484778591272,-0.1705690355230428
19,0.40029424440897177,0.12444244669524109,mr,0.12641452260149116,0.3546195258514687
19,0.40029424440897177,0.12444244669524109,af,0.12414950648710966,-0.19881805307476927
19,0.40029424440897177,0.12444244669524109,vi,0.2368405686003417,-0.02236231086701752
19,0.40029424440897177,0.12444244669524109,ta,0.5495862832241688,-0.1974453117058592
19,0.40029424440897177,0.12444244669524109,lt,0.47535202383994746,-0.1628435140744662
19,0.40029424440897177,0.12444244669524109,tr,0.4255495457345304,0.1531052008456586
19,0.40029424440897177,0.12444244669524109,nl,-0.015517948405105246,0.004256291269579202
19,0.40029424440897177,0.12444244669524109,no,0.18160377102935493,0.05987339302572944
19,0.40029424440897177,0.12444244669524109,fa,0.5072258777320204,-0.053792143412326465
19,0.40029424440897177,0.12444244669524109,fr,0.1048793606104621,-0.07708205484155296
19,0.40029424440897177,0.12444244669524109,ro,0.3838047398450736,-0.11062651489706528
20,0.4011316834519488,0.1140173943074002,es,0.1644834219317022,-0.19010610088543836
20,0.4011316834519488,0.1140173943074002,mr,0.1562954246275061,0.38375766724048094
20,0.4011316834519488,0.1140173943074002,af,0.12154343075377111,-0.17140086990607908
20,0.4011316834519488,0.1140173943074002,vi,0.2699745726708126,-0.06792948111859633
20,0.4011316834519488,0.1140173943074002,ta,0.5145816606045901,-0.23761274130337184
20,0.4011316834519488,0.1140173943074002,lt,0.476247104455888,-0.2724444962313099
20,0.4011316834519488,0.1140173943074002,tr,0.41216987916738135,0.06861531143282593
20,0.4011316834519488,0.1140173943074002,nl,-0.02941928960031195,-0.013280232912499584
20,0.4011316834519488,0.1140173943074002,no,0.24107712438451306,0.002874680336032149
20,0.4011316834519488,0.1140173943074002,fa,0.49586949673473085,-0.145156967106619
20,0.4011316834519488,0.1140173943074002,fr,0.09384993653897863,-0.09129793687959416
20,0.4011316834519488,0.1140173943074002,ro,0.35946428190439383,-0.13541594823691372
21,0.40106392655422934,0.13041170324640186,es,0.1816826776218446,-0.2157335709224499
21,0.40106392655422934,0.13041170324640186,mr,0.17369052024380044,0.42639530059334274
21,0.40106392655422934,0.13041170324640186,af,0.07887374965498568,-0.15247308265840995
21,0.40106392655422934,0.13041170324640186,vi,0.24812585642520252,-0.056411218086081676
21,0.40106392655422934,0.13041170324640186,ta,0.5041777787417732,-0.2646307281464929
21,0.40106392655422934,0.13041170324640186,lt,0.4312850947467132,-0.289366576980785
21,0.40106392655422934,0.13041170324640186,tr,0.42364085442726235,0.03579291817940686
21,0.40106392655422934,0.13041170324640186,nl,-0.003060783188278854,-0.03209175201760057
21,0.40106392655422934,0.13041170324640186,no,0.18769323549872358,-0.009340067254186074
21,0.40106392655422934,0.13041170324640186,fa,0.4950945403992577,-0.20802211570297335
21,0.40106392655422934,0.13041170324640186,fr,0.1520692940496466,-0.09941348432564201
21,0.40106392655422934,0.13041170324640186,ro,0.3467969549154848,-0.1616051450509244
22,0.399763899217191,0.12123891144320251,es,0.09998568464441053,-0.10081221903516926
22,0.399763899217191,0.12123891144320251,mr,0.0724387264979856,0.049922302057032596
22,0.399763899217191,0.12123891144320251,af,-0.005036247181260928,-0.04991704106369052
22,0.399763899217191,0.12123891144320251,vi,0.12215747230285884,-0.013231992130200623
22,0.399763899217191,0.12123891144320251,ta,0.14070335516254837,-0.053408159286874174
22,0.399763899217191,0.12123891144320251,lt,0.19742643714762872,-0.15246956311030152
22,0.399763899217191,0.12123891144320251,tr,0.17745094980199244,-0.02506802050434487
22,0.399763899217191,0.12123891144320251,nl,-0.10627003959046595,0.07336888157346498
22,0.399763899217191,0.12123891144320251,no,-0.004384902403894822,0.051121698766437254
22,0.399763899217191,0.12123891144320251,fa,0.2761013046313858,-0.14977420198196784
22,0.399763899217191,0.12123891144320251,fr,0.08297351780669573,-0.08799144641715749
22,0.399763899217191,0.12123891144320251,ro,0.15116570217501607,-0.023726639278950974
23,0.40516886629094717,0.12054100890645857,es,0.1588100401245217,-0.0889672599156681
23,0.40516886629094717,0.12054100890645857,mr,0.11740232781865637,0.04204796677548159
23,0.40516886629094717,0.12054100890645857,af,0.0035025733806039764,-0.06615182628600329
23,0.40516886629094717,0.12054100890645857,vi,0.19491461050210085,-0.0009427483028465938
23,0.40516886629094717,0.12054100890645857,ta,0.2837289764761586,-0.0630465008336403
23,0.40516886629094717,0.12054100890645857,lt,0.3368434819920605,-0.13784565113042882
23,0.40516886629094717,0.12054100890645857,tr,0.28605701765827635,-0.027871163162093746
23,0.40516886629094717,0.12054100890645857,nl,-0.04487980055709858,0.05302968405313888
23,0.40516886629094717,0.12054100890645857,no,0.04376877692226075,0.05190593517799529
23,0.40516886629094717,0.12054100890645857,fa,0.44004862369298,-0.15235011904487467
23,0.40516886629094717,0.12054100890645857,fr,0.1191456012676808,-0.13296666112151395
23,0.40516886629094717,0.12054100890645857,ro,0.2820560538694675,-0.006735048884355856
24,0.40802593898394524,0.12338689014555322,es,0.2359393422113923,-0.21696260851680335
24,0.40802593898394524,0.12338689014555322,mr,0.13496392964365186,0.2587671265644963
24,0.40802593898394524,0.12338689014555322,af,0.04450536970011046,-0.17879005758184235
24,0.40802593898394524,0.12338689014555322,vi,0.20120948033435782,-0.03651916084229052
24,0.40802593898394524,0.12338689014555322,ta,0.5493672720056283,-0.47150121225868896
24,0.40802593898394524,0.12338689014555322,lt,0.39400485822620407,-0.2717741740260896
24,0.40802593898394524,0.12338689014555322,tr,0.46139321717469717,0.071410775030819
24,0.40802593898394524,0.12338689014555322,nl,0.0711226693532316,-0.08795382499900396
24,0.40802593898394524,0.12338689014555322,no,0.09631197790580184,-0.04915586011062566
24,0.40802593898394524,0.12338689014555322,fa,0.5361870478302821,-0.3724908244683425
24,0.40802593898394524,0.12338689014555322,fr,0.19737111106164348,-0.12033051095846524
24,0.40802593898394524,0.12338689014555322,ro,0.3318877565202393,-0.1609791456460664
