step,feature_name,r2
0,rating_imageability_mean,0.9392755154331006
0,rating_others_thoughts_mean,0.9431931190651905
0,rating_physical_mean,0.9462498068290518
0,rating_places_mean,0.9400866250875468
0,rating_valence_mean,0.9103561805463771
0,rating_arousal_mean,0.8832377433842405
0,rating_sense_mean,0.8963052480039052
1,rating_imageability_mean,0.8952180562228891
1,rating_others_thoughts_mean,0.9430726154125877
1,rating_physical_mean,0.9400912947332587
1,rating_places_mean,0.9341186686522107
1,rating_valence_mean,0.9093421603242144
1,rating_arousal_mean,0.8799272102705655
1,rating_sense_mean,0.8885510350098934
2,rating_imageability_mean,0.8949389332534462
2,rating_others_thoughts_mean,0.9140214090248654
2,rating_physical_mean,0.9392689741509928
2,rating_places_mean,0.9341164332538316
2,rating_valence_mean,0.9091938398054883
2,rating_arousal_mean,0.8770844317713716
2,rating_sense_mean,0.8876010109782599
3,rating_imageability_mean,0.8871286942218881
3,rating_others_thoughts_mean,0.9136345443332409
3,rating_physical_mean,0.909339533997196
3,rating_places_mean,0.9304994039914467
3,rating_valence_mean,0.9091940393759126
3,rating_arousal_mean,0.876158268055934
3,rating_sense_mean,0.8867838152836953
4,rating_imageability_mean,0.8862920804268407
4,rating_others_thoughts_mean,0.911626577234099
4,rating_physical_mean,0.9084687788589259
4,rating_places_mean,0.8935477813233442
4,rating_valence_mean,0.9076580404892767
4,rating_arousal_mean,0.876112825492981
4,rating_sense_mean,0.8864946511917394
5,rating_imageability_mean,0.8856363181971773
5,rating_others_thoughts_mean,0.9103871769421616
5,rating_physical_mean,0.9082333509741245
5,rating_places_mean,0.8913779767661447
5,rating_valence_mean,0.8424417116782534
5,rating_arousal_mean,0.8737597880243447
5,rating_sense_mean,0.8843057389300605
6,rating_imageability_mean,0.8829104078775672
6,rating_others_thoughts_mean,0.9063925142374175
6,rating_physical_mean,0.9077166257835108
6,rating_places_mean,0.8905240131535777
6,rating_valence_mean,0.8423555304124238
6,rating_arousal_mean,0.8077076020269349
6,rating_sense_mean,0.8798666303109475
7,rating_imageability_mean,0.8811654216492637
7,rating_others_thoughts_mean,0.9046914619253721
7,rating_physical_mean,0.9068037889919845
7,rating_places_mean,0.8891804731860922
7,rating_valence_mean,0.8414798181303738
7,rating_arousal_mean,0.8077336435551377
7,rating_sense_mean,0.8082173654129859
8,rating_imageability_mean,0.8536912837516951
8,rating_others_thoughts_mean,0.9029190594618144
8,rating_physical_mean,0.905508998015361
8,rating_places_mean,0.8884398389485288
8,rating_valence_mean,0.8410374401163552
8,rating_arousal_mean,0.8032367890685879
8,rating_sense_mean,0.7959572762782354
9,rating_imageability_mean,0.8535527883813852
9,rating_others_thoughts_mean,0.871298242903553
9,rating_physical_mean,0.9050316145060282
9,rating_places_mean,0.8883503982243512
9,rating_valence_mean,0.8405598795367004
9,rating_arousal_mean,0.801992353740342
9,rating_sense_mean,0.7945360839919231
10,rating_imageability_mean,0.849190739266633
10,rating_others_thoughts_mean,0.8712763155661131
10,rating_physical_mean,0.8751135811155519
10,rating_places_mean,0.881073541195899
10,rating_valence_mean,0.8404728147831383
10,rating_arousal_mean,0.7991316460195155
10,rating_sense_mean,0.7940408014434374
11,rating_imageability_mean,0.8481454215462972
11,rating_others_thoughts_mean,0.8712779946957675
11,rating_physical_mean,0.8745972676153664
11,rating_places_mean,0.8502842611690176
11,rating_valence_mean,0.8404758428645787
11,rating_arousal_mean,0.7991326566138576
11,rating_sense_mean,0.7937974375897281
12,rating_imageability_mean,0.8453369561648716
12,rating_others_thoughts_mean,0.871120994016382
12,rating_physical_mean,0.8720456187060317
12,rating_places_mean,0.8496361653034137
12,rating_valence_mean,0.7954352254656925
12,rating_arousal_mean,0.7958153847158916
12,rating_sense_mean,0.78696474192959
13,rating_imageability_mean,0.8443665762233576
13,rating_others_thoughts_mean,0.8676460429079799
13,rating_physical_mean,0.8717350793594338
13,rating_places_mean,0.8473118677248506
13,rating_valence_mean,0.795317301391927
13,rating_arousal_mean,0.7429589085552566
13,rating_sense_mean,0.786849953495314
14,rating_imageability_mean,0.8440129159685588
14,rating_others_thoughts_mean,0.8671513735728782
14,rating_physical_mean,0.8711340022938776
14,rating_places_mean,0.847462238083018
14,rating_valence_mean,0.7953271830856866
14,rating_arousal_mean,0.7363255125990608
14,rating_sense_mean,0.7530789988632924
15,rating_imageability_mean,0.830061363792435
15,rating_others_thoughts_mean,0.8671912971559435
15,rating_physical_mean,0.8695646097614878
15,rating_places_mean,0.8430645612621348
15,rating_valence_mean,0.7948604819393779
15,rating_arousal_mean,0.7363543247798817
15,rating_sense_mean,0.739517464186718
16,rating_imageability_mean,0.8233921335022505
16,rating_others_thoughts_mean,0.8523831801119613
16,rating_physical_mean,0.869581173666774
16,rating_places_mean,0.8402805207314022
16,rating_valence_mean,0.7945785635087579
16,rating_arousal_mean,0.7334486188241574
16,rating_sense_mean,0.7393183499459873
17,rating_imageability_mean,0.8174491703265591
17,rating_others_thoughts_mean,0.8486064501443493
17,rating_physical_mean,0.8487040528827081
17,rating_places_mean,0.839490795377998
17,rating_valence_mean,0.7944150314935359
17,rating_arousal_mean,0.7329120735372975
17,rating_sense_mean,0.7387781907906036
18,rating_imageability_mean,0.815100701762416
18,rating_others_thoughts_mean,0.8485445431524636
18,rating_physical_mean,0.8446088177402417
18,rating_places_mean,0.8034478369102391
18,rating_valence_mean,0.7939563857265373
18,rating_arousal_mean,0.7327587685925914
18,rating_sense_mean,0.7361346933415982
19,rating_imageability_mean,0.8150589389503387
19,rating_others_thoughts_mean,0.848140610298743
19,rating_physical_mean,0.8446068550877285
19,rating_places_mean,0.8033993677315853
19,rating_valence_mean,0.7490057453767054
19,rating_arousal_mean,0.7321747902430438
19,rating_sense_mean,0.7360710182179457
20,rating_imageability_mean,0.8142491498545685
20,rating_others_thoughts_mean,0.8458288921484249
20,rating_physical_mean,0.8443382375547741
20,rating_places_mean,0.8033882653600178
20,rating_valence_mean,0.7480984258578198
20,rating_arousal_mean,0.6818567292500792
20,rating_sense_mean,0.734159221725468
21,rating_imageability_mean,0.8122995999147969
21,rating_others_thoughts_mean,0.8427426679971689
21,rating_physical_mean,0.840371405605594
21,rating_places_mean,0.8033868641579978
21,rating_valence_mean,0.7455910736733702
21,rating_arousal_mean,0.6811038092080188
21,rating_sense_mean,0.6794088169328197
22,rating_imageability_mean,0.7792133747293621
22,rating_others_thoughts_mean,0.8425781016254607
22,rating_physical_mean,0.8354208865174105
22,rating_places_mean,0.8006950581843565
22,rating_valence_mean,0.7452062931046648
22,rating_arousal_mean,0.6781484362656363
22,rating_sense_mean,0.6711195961322383
23,rating_imageability_mean,0.7778234778380037
23,rating_others_thoughts_mean,0.8204615655671932
23,rating_physical_mean,0.8354101824333742
23,rating_places_mean,0.8004364625046827
23,rating_valence_mean,0.7451782929370772
23,rating_arousal_mean,0.6759445813151149
23,rating_sense_mean,0.6701948013689648
24,rating_imageability_mean,0.7728612740750562
24,rating_others_thoughts_mean,0.820356459240706
24,rating_physical_mean,0.8079996962335125
24,rating_places_mean,0.7974583448084746
24,rating_valence_mean,0.7449121637151565
24,rating_arousal_mean,0.6752111963068308
24,rating_sense_mean,0.6676036598789405
25,rating_imageability_mean,0.7722210413781881
25,rating_others_thoughts_mean,0.8203253417393075
25,rating_physical_mean,0.8073004944197163
25,rating_places_mean,0.759826032933438
25,rating_valence_mean,0.743839596944266
25,rating_arousal_mean,0.6750635159262108
25,rating_sense_mean,0.6673819290279592
26,rating_imageability_mean,0.7715496672494535
26,rating_others_thoughts_mean,0.8196553340842291
26,rating_physical_mean,0.8067801115417879
26,rating_places_mean,0.7588540615881126
26,rating_valence_mean,0.7057439921160833
26,rating_arousal_mean,0.6750215323954616
26,rating_sense_mean,0.6672380713408397
27,rating_imageability_mean,0.7699124532926674
27,rating_others_thoughts_mean,0.817443082111526
27,rating_physical_mean,0.8067557563667764
27,rating_places_mean,0.7585697835666246
27,rating_valence_mean,0.7056715937074578
27,rating_arousal_mean,0.6345165424144243
27,rating_sense_mean,0.6661550967243968
28,rating_imageability_mean,0.7660560864688623
28,rating_others_thoughts_mean,0.8149208400174792
28,rating_physical_mean,0.806289456223309
28,rating_places_mean,0.7584512758219901
28,rating_valence_mean,0.7033941475107699
28,rating_arousal_mean,0.6337622371941984
28,rating_sense_mean,0.6090280968933963
29,rating_imageability_mean,0.7355777245868367
29,rating_others_thoughts_mean,0.8146863964667128
29,rating_physical_mean,0.7996511594403687
29,rating_places_mean,0.7558213131863828
29,rating_valence_mean,0.7032191188752988
29,rating_arousal_mean,0.6327622141701543
29,rating_sense_mean,0.6033240576265233
30,rating_imageability_mean,0.7355689805944556
30,rating_others_thoughts_mean,0.7912867468003233
30,rating_physical_mean,0.799191225108387
30,rating_places_mean,0.7553188263148106
30,rating_valence_mean,0.7031845543438193
30,rating_arousal_mean,0.6277557028019849
30,rating_sense_mean,0.6006076651386848
31,rating_imageability_mean,0.7306191001467642
31,rating_others_thoughts_mean,0.7912824228072023
31,rating_physical_mean,0.7742713931824595
31,rating_places_mean,0.752227294951768
31,rating_valence_mean,0.7029095147915962
31,rating_arousal_mean,0.6273949893698759
31,rating_sense_mean,0.599448682814294
32,rating_imageability_mean,0.7287217469270166
32,rating_others_thoughts_mean,0.7912709864707679
32,rating_physical_mean,0.7725902179043527
32,rating_places_mean,0.7147386420490924
32,rating_valence_mean,0.7021928588320208
32,rating_arousal_mean,0.6273350374777822
32,rating_sense_mean,0.5990420702010042
33,rating_imageability_mean,0.7281309654849266
33,rating_others_thoughts_mean,0.7912709292173854
33,rating_physical_mean,0.7725915084185765
33,rating_places_mean,0.7133570186483149
33,rating_valence_mean,0.6669181505047387
33,rating_arousal_mean,0.6266541299448403
33,rating_sense_mean,0.5982001647488345
34,rating_imageability_mean,0.7275686947285307
34,rating_others_thoughts_mean,0.789859631048602
34,rating_physical_mean,0.77257910988443
34,rating_places_mean,0.7133506537011132
34,rating_valence_mean,0.6666477954438981
34,rating_arousal_mean,0.5925233763736042
34,rating_sense_mean,0.5975645746389977
35,rating_imageability_mean,0.7252488485650885
35,rating_others_thoughts_mean,0.7873024066342195
35,rating_physical_mean,0.7720664243672737
35,rating_places_mean,0.7131754121437147
35,rating_valence_mean,0.6656763504736438
35,rating_arousal_mean,0.5920257926784095
35,rating_sense_mean,0.5506589009717646
36,rating_imageability_mean,0.7022924430118611
36,rating_others_thoughts_mean,0.7859527053992369
36,rating_physical_mean,0.7660995318223003
36,rating_places_mean,0.7085548357082008
36,rating_valence_mean,0.6624557948706955
36,rating_arousal_mean,0.5905397328422025
36,rating_sense_mean,0.5474345717787479
37,rating_imageability_mean,0.701801779869088
37,rating_others_thoughts_mean,0.7627208790174757
37,rating_physical_mean,0.7660057345329818
37,rating_places_mean,0.7085419880159791
37,rating_valence_mean,0.6624135174819841
37,rating_arousal_mean,0.5867732480656218
37,rating_sense_mean,0.5459612710503916
38,rating_imageability_mean,0.6950687116435124
38,rating_others_thoughts_mean,0.7627205522065799
38,rating_physical_mean,0.7375518634717904
38,rating_places_mean,0.7062523511083235
38,rating_valence_mean,0.6620618970970259
38,rating_arousal_mean,0.5860646253569426
38,rating_sense_mean,0.5438418916545322
39,rating_imageability_mean,0.6933137719847811
39,rating_others_thoughts_mean,0.7626412499837074
39,rating_physical_mean,0.7338258454395632
39,rating_places_mean,0.6667052597580189
39,rating_valence_mean,0.6605133901958309
39,rating_arousal_mean,0.5860454856262611
39,rating_sense_mean,0.5436430241128034
40,rating_imageability_mean,0.6927847708314581
40,rating_others_thoughts_mean,0.76253751117879
40,rating_physical_mean,0.7338166797943874
40,rating_places_mean,0.6659471883427097
40,rating_valence_mean,0.6287206865625725
40,rating_arousal_mean,0.5859880770909888
40,rating_sense_mean,0.5421977306840817
41,rating_imageability_mean,0.6922900607371433
41,rating_others_thoughts_mean,0.760763859630544
41,rating_physical_mean,0.7337196102177944
41,rating_places_mean,0.6659224656880176
41,rating_valence_mean,0.6287006455514209
41,rating_arousal_mean,0.5548413864383671
41,rating_sense_mean,0.5411554970219082
42,rating_imageability_mean,0.6896702347148022
42,rating_others_thoughts_mean,0.7597782708241401
42,rating_physical_mean,0.7333757540474456
42,rating_places_mean,0.6656038305534917
42,rating_valence_mean,0.6286245358435354
42,rating_arousal_mean,0.5544644112522918
42,rating_sense_mean,0.4958947320738636
43,rating_imageability_mean,0.6696851323161616
43,rating_others_thoughts_mean,0.7597559541049351
43,rating_physical_mean,0.7262033292367729
43,rating_places_mean,0.6630942115843208
43,rating_valence_mean,0.6278095570923452
43,rating_arousal_mean,0.5527081871376945
43,rating_sense_mean,0.49340494576235916
44,rating_imageability_mean,0.6689398501377415
44,rating_others_thoughts_mean,0.7378967356849919
44,rating_physical_mean,0.7261998258766995
44,rating_places_mean,0.6630863369858166
44,rating_valence_mean,0.6277360791774409
44,rating_arousal_mean,0.5485742723104632
44,rating_sense_mean,0.4902960204978346
45,rating_imageability_mean,0.6594671663858815
45,rating_others_thoughts_mean,0.7378900111073412
45,rating_physical_mean,0.6975123472113065
45,rating_places_mean,0.6575947975724483
45,rating_valence_mean,0.626301698419701
45,rating_arousal_mean,0.5471793106740259
45,rating_sense_mean,0.48745223325383236
46,rating_imageability_mean,0.655731347742537
46,rating_others_thoughts_mean,0.7378899693551514
46,rating_physical_mean,0.6920860056874462
46,rating_places_mean,0.6173602748075572
46,rating_valence_mean,0.6256256023937667
46,rating_arousal_mean,0.5471444000348216
46,rating_sense_mean,0.4873033939012933
47,rating_imageability_mean,0.6551012303616706
47,rating_others_thoughts_mean,0.7378895260211726
47,rating_physical_mean,0.6918932896226546
47,rating_places_mean,0.6164297859415392
47,rating_valence_mean,0.5975845468825316
47,rating_arousal_mean,0.5471348983177738
47,rating_sense_mean,0.48660071044053377
48,rating_imageability_mean,0.6548137786467504
48,rating_others_thoughts_mean,0.7347197132976047
48,rating_physical_mean,0.6918709895231347
48,rating_places_mean,0.6164127720661928
48,rating_valence_mean,0.5973101332840535
48,rating_arousal_mean,0.5183207173503174
48,rating_sense_mean,0.484881579513913
49,rating_imageability_mean,0.6530125919231907
49,rating_others_thoughts_mean,0.7340174653795717
49,rating_physical_mean,0.6917545164011074
49,rating_places_mean,0.6157753912749518
49,rating_valence_mean,0.5961697024185304
49,rating_arousal_mean,0.5169570422222722
49,rating_sense_mean,0.45036886844778845
50,rating_imageability_mean,0.6279819718074324
50,rating_others_thoughts_mean,0.733813478860646
50,rating_physical_mean,0.6825751831898784
50,rating_places_mean,0.6115273361615964
50,rating_valence_mean,0.5946413118054839
50,rating_arousal_mean,0.515814100988025
50,rating_sense_mean,0.4487493138550456
51,rating_imageability_mean,0.627845062109567
51,rating_others_thoughts_mean,0.7105118082858053
51,rating_physical_mean,0.681906604069407
51,rating_places_mean,0.6115149001207114
51,rating_valence_mean,0.5945320026504644
51,rating_arousal_mean,0.5121521325563376
51,rating_sense_mean,0.4474681765851789
52,rating_imageability_mean,0.6228218860216019
52,rating_others_thoughts_mean,0.7096454020895766
52,rating_physical_mean,0.6548927578730017
52,rating_places_mean,0.6072260364656894
52,rating_valence_mean,0.5943387774907494
52,rating_arousal_mean,0.5120838829809073
52,rating_sense_mean,0.4474678644140404
53,rating_imageability_mean,0.6211819500467552
53,rating_others_thoughts_mean,0.7096192455803476
53,rating_physical_mean,0.6517271448430829
53,rating_places_mean,0.5688215621902043
53,rating_valence_mean,0.5935344768186103
53,rating_arousal_mean,0.5118756484937297
53,rating_sense_mean,0.4474535653807705
54,rating_imageability_mean,0.6199363347165032
54,rating_others_thoughts_mean,0.7092268804875055
54,rating_physical_mean,0.6508742619347383
54,rating_places_mean,0.5662091568614014
54,rating_valence_mean,0.5635646145628299
54,rating_arousal_mean,0.5116679102302497
54,rating_sense_mean,0.4441465012397413
55,rating_imageability_mean,0.6198767650991185
55,rating_others_thoughts_mean,0.7069128702249291
55,rating_physical_mean,0.6508539632538677
55,rating_places_mean,0.5662092462795301
55,rating_valence_mean,0.5635602724270838
55,rating_arousal_mean,0.4813706831305511
55,rating_sense_mean,0.44386386140318324
56,rating_imageability_mean,0.618923952795192
56,rating_others_thoughts_mean,0.7064665439569431
56,rating_physical_mean,0.650803925126942
56,rating_places_mean,0.5661760479081268
56,rating_valence_mean,0.5626643484356937
56,rating_arousal_mean,0.4806672028818866
56,rating_sense_mean,0.412738745546532
57,rating_imageability_mean,0.5955439950619834
57,rating_others_thoughts_mean,0.7062116575966384
57,rating_physical_mean,0.6412432298210573
57,rating_places_mean,0.5599508092662772
57,rating_valence_mean,0.5615648884684166
57,rating_arousal_mean,0.4798119669142531
57,rating_sense_mean,0.40986963546589716
58,rating_imageability_mean,0.5939853824680972
58,rating_others_thoughts_mean,0.6779224112958568
58,rating_physical_mean,0.6412373155119682
58,rating_places_mean,0.5596941340367962
58,rating_valence_mean,0.5612251236237351
58,rating_arousal_mean,0.4724682834423609
58,rating_sense_mean,0.4034845938568088
59,rating_imageability_mean,0.5865664910394791
59,rating_others_thoughts_mean,0.6774908842663583
59,rating_physical_mean,0.6151695735455127
59,rating_places_mean,0.55304096526911
59,rating_valence_mean,0.5602098131206723
59,rating_arousal_mean,0.47239297079443854
59,rating_sense_mean,0.4034713883220371
60,rating_imageability_mean,0.5848239409616465
60,rating_others_thoughts_mean,0.677200760799493
60,rating_physical_mean,0.6118708946231171
60,rating_places_mean,0.5176812691554182
60,rating_valence_mean,0.5591532217886865
60,rating_arousal_mean,0.4720882408275934
60,rating_sense_mean,0.40279343519389865
61,rating_imageability_mean,0.5836796769889108
61,rating_others_thoughts_mean,0.6771676654816319
61,rating_physical_mean,0.6118639253518794
61,rating_places_mean,0.5169455658052621
61,rating_valence_mean,0.5287293082240871
61,rating_arousal_mean,0.4720846983134772
61,rating_sense_mean,0.4021964375450202
62,rating_imageability_mean,0.5826287855720554
62,rating_others_thoughts_mean,0.6716482917358175
62,rating_physical_mean,0.611729308691473
62,rating_places_mean,0.5163647547920397
62,rating_valence_mean,0.5286980790335265
62,rating_arousal_mean,0.4446355505520726
62,rating_sense_mean,0.4012922525654713
63,rating_imageability_mean,0.5805985960726359
63,rating_others_thoughts_mean,0.6704564650245186
63,rating_physical_mean,0.6115178145308877
63,rating_places_mean,0.5163626493752336
63,rating_valence_mean,0.5280439312673002
63,rating_arousal_mean,0.4439885506640989
63,rating_sense_mean,0.36926783196397883
64,rating_imageability_mean,0.5543025290583388
64,rating_others_thoughts_mean,0.6702921464096774
64,rating_physical_mean,0.6011471062597522
64,rating_places_mean,0.5106446755540883
64,rating_valence_mean,0.5269661304326781
64,rating_arousal_mean,0.4433773021695083
64,rating_sense_mean,0.3665315387082734
65,rating_imageability_mean,0.5542999299645918
65,rating_others_thoughts_mean,0.6456999388827245
65,rating_physical_mean,0.5986593828254351
65,rating_places_mean,0.5085748437694451
65,rating_valence_mean,0.5267162361249527
65,rating_arousal_mean,0.4396793378436128
65,rating_sense_mean,0.36334437074952586
66,rating_imageability_mean,0.5434117540478122
66,rating_others_thoughts_mean,0.6451542226363498
66,rating_physical_mean,0.5700247144098217
66,rating_places_mean,0.5052133630765266
66,rating_valence_mean,0.5264113360155418
66,rating_arousal_mean,0.4396717040407113
66,rating_sense_mean,0.3629706047696678
67,rating_imageability_mean,0.5398828591964686
67,rating_others_thoughts_mean,0.6446415756355564
67,rating_physical_mean,0.5659673533356888
67,rating_places_mean,0.46963817188247636
67,rating_valence_mean,0.5253965700823537
67,rating_arousal_mean,0.43966890100134715
67,rating_sense_mean,0.36274062189529044
68,rating_imageability_mean,0.5391086108029938
68,rating_others_thoughts_mean,0.6442767235118303
68,rating_physical_mean,0.5658044369707418
68,rating_places_mean,0.46955363384276616
68,rating_valence_mean,0.4940762505461831
68,rating_arousal_mean,0.4396305378300387
68,rating_sense_mean,0.36148466749235386
69,rating_imageability_mean,0.5378674046480947
69,rating_others_thoughts_mean,0.6409683495934512
69,rating_physical_mean,0.5656207764952753
69,rating_places_mean,0.4695535276450282
69,rating_valence_mean,0.4939127713281791
69,rating_arousal_mean,0.40852467982862295
69,rating_sense_mean,0.36050718162292017
70,rating_imageability_mean,0.5351296954606644
70,rating_others_thoughts_mean,0.6396210607793666
70,rating_physical_mean,0.5653544490465321
70,rating_places_mean,0.4694280154273013
70,rating_valence_mean,0.49334333955232323
70,rating_arousal_mean,0.40795530741851627
70,rating_sense_mean,0.3328673077627893
71,rating_imageability_mean,0.5115919296732689
71,rating_others_thoughts_mean,0.6394595640046661
71,rating_physical_mean,0.5576525150251008
71,rating_places_mean,0.4651256960138016
71,rating_valence_mean,0.49167952478128885
71,rating_arousal_mean,0.4078469133223004
71,rating_sense_mean,0.33041296929879127
72,rating_imageability_mean,0.5115898255897838
72,rating_others_thoughts_mean,0.615404386452477
72,rating_physical_mean,0.5563473964009582
72,rating_places_mean,0.4645076798917708
72,rating_valence_mean,0.4915569415643266
72,rating_arousal_mean,0.4035263225803408
72,rating_sense_mean,0.3280522784923072
73,rating_imageability_mean,0.5009498000612382
73,rating_others_thoughts_mean,0.6137847335737014
73,rating_physical_mean,0.5257813135805336
73,rating_places_mean,0.45783640542208304
73,rating_valence_mean,0.4914993329143773
73,rating_arousal_mean,0.40284073359587924
73,rating_sense_mean,0.3280518487708074
74,rating_imageability_mean,0.49689758909893855
74,rating_others_thoughts_mean,0.613355573032758
74,rating_physical_mean,0.5203335027075205
74,rating_places_mean,0.4224480469708789
74,rating_valence_mean,0.49064970883615255
74,rating_arousal_mean,0.40278747620509403
74,rating_sense_mean,0.32795474588231155
75,rating_imageability_mean,0.4954944718754397
75,rating_others_thoughts_mean,0.6131387143266462
75,rating_physical_mean,0.519850983173413
75,rating_places_mean,0.42143739918706125
75,rating_valence_mean,0.45404465747592215
75,rating_arousal_mean,0.40275089342912884
75,rating_sense_mean,0.3274544311041119
76,rating_imageability_mean,0.4948026864018512
76,rating_others_thoughts_mean,0.6043969505688168
76,rating_physical_mean,0.5198486397626384
76,rating_places_mean,0.42120176594040204
76,rating_valence_mean,0.45352812950792454
76,rating_arousal_mean,0.3719599607606613
76,rating_sense_mean,0.3240161291815453
77,rating_imageability_mean,0.49375493715464636
77,rating_others_thoughts_mean,0.6026283783919315
77,rating_physical_mean,0.5197393833951448
77,rating_places_mean,0.42109613992740913
77,rating_valence_mean,0.4534646332222789
77,rating_arousal_mean,0.37083401414064054
77,rating_sense_mean,0.2998207942449759
78,rating_imageability_mean,0.47097077885985705
78,rating_others_thoughts_mean,0.6025735778583745
78,rating_physical_mean,0.5049450385940082
78,rating_places_mean,0.4164580550234287
78,rating_valence_mean,0.4534170720192685
78,rating_arousal_mean,0.37047704277836413
78,rating_sense_mean,0.29954500467284095
79,rating_imageability_mean,0.4709051547650195
79,rating_others_thoughts_mean,0.5724995119790737
79,rating_physical_mean,0.5032913418798477
79,rating_places_mean,0.4151024013672914
79,rating_valence_mean,0.45341611960816697
79,rating_arousal_mean,0.363643092834517
79,rating_sense_mean,0.29771638644319787
80,rating_imageability_mean,0.46102221648468444
80,rating_others_thoughts_mean,0.5709513145714917
80,rating_physical_mean,0.472347915393748
80,rating_places_mean,0.41029457364072186
80,rating_valence_mean,0.4534125068915086
80,rating_arousal_mean,0.3636418005483605
80,rating_sense_mean,0.29753900503615227
81,rating_imageability_mean,0.4591988648005917
81,rating_others_thoughts_mean,0.5690010212040477
81,rating_physical_mean,0.4703286632422927
81,rating_places_mean,0.3773632079733914
81,rating_valence_mean,0.45327260793486635
81,rating_arousal_mean,0.3630505219456165
81,rating_sense_mean,0.2974767786575261
82,rating_imageability_mean,0.45877715327505153
82,rating_others_thoughts_mean,0.5681406294750528
82,rating_physical_mean,0.47030920194474224
82,rating_places_mean,0.37731388184723624
82,rating_valence_mean,0.42304558131094117
82,rating_arousal_mean,0.36277500387510275
82,rating_sense_mean,0.2971842546177452
83,rating_imageability_mean,0.45838525184802204
83,rating_others_thoughts_mean,0.5626385311659263
83,rating_physical_mean,0.47030481796582146
83,rating_places_mean,0.3770866848970743
83,rating_valence_mean,0.42287012464162865
83,rating_arousal_mean,0.33607281590902083
83,rating_sense_mean,0.2965764437101225
84,rating_imageability_mean,0.4582861225947128
84,rating_others_thoughts_mean,0.5601586103354179
84,rating_physical_mean,0.47010030689759974
84,rating_places_mean,0.3766872980989051
84,rating_valence_mean,0.4224608799349937
84,rating_arousal_mean,0.335295565041857
84,rating_sense_mean,0.2703419779599605
85,rating_imageability_mean,0.43478454252526366
85,rating_others_thoughts_mean,0.560114356900207
85,rating_physical_mean,0.4576999130380218
85,rating_places_mean,0.3751053922881262
85,rating_valence_mean,0.4221181471575629
85,rating_arousal_mean,0.335159813407352
85,rating_sense_mean,0.269616966199665
86,rating_imageability_mean,0.4347844383721676
86,rating_others_thoughts_mean,0.5270755836219754
86,rating_physical_mean,0.4559542941025634
86,rating_places_mean,0.37213424034991993
86,rating_valence_mean,0.4217985982621052
86,rating_arousal_mean,0.32808037602891027
86,rating_sense_mean,0.26785983884555375
87,rating_imageability_mean,0.4235103770424009
87,rating_others_thoughts_mean,0.5234776056762357
87,rating_physical_mean,0.4276993550253574
87,rating_places_mean,0.3677261413191182
87,rating_valence_mean,0.42179793701600654
87,rating_arousal_mean,0.32804035706440504
87,rating_sense_mean,0.2678472873527131
88,rating_imageability_mean,0.4210309416517781
88,rating_others_thoughts_mean,0.5202644102111698
88,rating_physical_mean,0.42439405704994304
88,rating_places_mean,0.3355762340462307
88,rating_valence_mean,0.42179529735160315
88,rating_arousal_mean,0.3276468733866208
88,rating_sense_mean,0.2676664493300932
89,rating_imageability_mean,0.42089769779115216
89,rating_others_thoughts_mean,0.5197730878516029
89,rating_physical_mean,0.4243687773879442
89,rating_places_mean,0.33553976224694404
89,rating_valence_mean,0.39317258827033974
89,rating_arousal_mean,0.32753642249663095
89,rating_sense_mean,0.26757416830343583
90,rating_imageability_mean,0.42051951306670377
90,rating_others_thoughts_mean,0.5072901743264968
90,rating_physical_mean,0.4241633937883553
90,rating_places_mean,0.33486034623694816
90,rating_valence_mean,0.3931708735663517
90,rating_arousal_mean,0.2972304664107305
90,rating_sense_mean,0.26608180001325865
91,rating_imageability_mean,0.41973693825016833
91,rating_others_thoughts_mean,0.5052803538711925
91,rating_physical_mean,0.42408490720926506
91,rating_places_mean,0.3347159825895446
91,rating_valence_mean,0.392713276917492
91,rating_arousal_mean,0.2963851128272841
91,rating_sense_mean,0.24544145916026383
92,rating_imageability_mean,0.390591414169411
92,rating_others_thoughts_mean,0.5052687820129917
92,rating_physical_mean,0.40880500898113337
92,rating_places_mean,0.32893790924041777
92,rating_valence_mean,0.3926327645490163
92,rating_arousal_mean,0.2957531601353377
92,rating_sense_mean,0.2445408589161614
93,rating_imageability_mean,0.39029466243659783
93,rating_others_thoughts_mean,0.46852192168776385
93,rating_physical_mean,0.40478417616754225
93,rating_places_mean,0.32543309127906106
93,rating_valence_mean,0.39261629711926316
93,rating_arousal_mean,0.288869917884346
93,rating_sense_mean,0.24322851977320303
94,rating_imageability_mean,0.37995775031035484
94,rating_others_thoughts_mean,0.46610271386105406
94,rating_physical_mean,0.37114286528725715
94,rating_places_mean,0.3193849024931794
94,rating_valence_mean,0.39261345985194396
94,rating_arousal_mean,0.28874662556210984
94,rating_sense_mean,0.24321669791680023
95,rating_imageability_mean,0.3781079590773584
95,rating_others_thoughts_mean,0.4646722573410269
95,rating_physical_mean,0.367054047396419
95,rating_places_mean,0.29163175123539187
95,rating_valence_mean,0.3920329392293629
95,rating_arousal_mean,0.2887263602100293
95,rating_sense_mean,0.24321083069059268
96,rating_imageability_mean,0.378106357677472
96,rating_others_thoughts_mean,0.46440954072203944
96,rating_physical_mean,0.3667033121217719
96,rating_places_mean,0.2915721419418139
96,rating_valence_mean,0.36336486854596284
96,rating_arousal_mean,0.2887050588669756
96,rating_sense_mean,0.24306428053212692
97,rating_imageability_mean,0.37770737110584784
97,rating_others_thoughts_mean,0.4564753812951129
97,rating_physical_mean,0.36669791083851366
97,rating_places_mean,0.2914951448470645
97,rating_valence_mean,0.3633034101758862
97,rating_arousal_mean,0.26605033560155134
97,rating_sense_mean,0.24266817252249062
98,rating_imageability_mean,0.37724453909705147
98,rating_others_thoughts_mean,0.4540244335943745
98,rating_physical_mean,0.36669690940197486
98,rating_places_mean,0.29146627237704115
98,rating_valence_mean,0.3625399378628539
98,rating_arousal_mean,0.26567681644486396
98,rating_sense_mean,0.22160727552879633
99,rating_imageability_mean,0.3493664085475561
99,rating_others_thoughts_mean,0.4536980195361704
99,rating_physical_mean,0.35365499447146387
99,rating_places_mean,0.28561556006871014
99,rating_valence_mean,0.3624659966792496
99,rating_arousal_mean,0.26513973477926633
99,rating_sense_mean,0.22021008636912276
100,rating_imageability_mean,0.3492724043019366
100,rating_others_thoughts_mean,0.4234568340184014
100,rating_physical_mean,0.351468171343545
100,rating_places_mean,0.2838052444264102
100,rating_valence_mean,0.3623625844824794
100,rating_arousal_mean,0.25756240229041893
100,rating_sense_mean,0.21790308544552062
101,rating_imageability_mean,0.33798501734277986
101,rating_others_thoughts_mean,0.4207310959308149
101,rating_physical_mean,0.3207346652723593
101,rating_places_mean,0.27642843336778333
101,rating_valence_mean,0.36233138382213537
101,rating_arousal_mean,0.25754589329971034
101,rating_sense_mean,0.21789622892340998
102,rating_imageability_mean,0.33589839197693383
102,rating_others_thoughts_mean,0.41869017105006445
102,rating_physical_mean,0.31761440058599266
102,rating_places_mean,0.24814577710001662
102,rating_valence_mean,0.3622790358153577
102,rating_arousal_mean,0.2573494593046466
102,rating_sense_mean,0.21767734178354048
103,rating_imageability_mean,0.3355637204111219
103,rating_others_thoughts_mean,0.41757532475915005
103,rating_physical_mean,0.31761372867817406
103,rating_places_mean,0.24805822730444105
103,rating_valence_mean,0.3317371276254705
103,rating_arousal_mean,0.2571964011567621
103,rating_sense_mean,0.2176667998598819
104,rating_imageability_mean,0.3352440547970489
104,rating_others_thoughts_mean,0.41116311757364543
104,rating_physical_mean,0.31761284018353897
104,rating_places_mean,0.2478103359587227
104,rating_valence_mean,0.3317253802765048
104,rating_arousal_mean,0.23530881661317726
104,rating_sense_mean,0.21675111627795163
105,rating_imageability_mean,0.3330540944516682
105,rating_others_thoughts_mean,0.4088140337754719
105,rating_physical_mean,0.3174344417201649
105,rating_places_mean,0.24780984074540857
105,rating_valence_mean,0.33166688235868
105,rating_arousal_mean,0.2343570165633878
105,rating_sense_mean,0.19849029219665482
106,rating_imageability_mean,0.3114871321413363
106,rating_others_thoughts_mean,0.4088085851677008
106,rating_physical_mean,0.30760238572730647
106,rating_places_mean,0.24399219062419242
106,rating_valence_mean,0.33111557822230453
106,rating_arousal_mean,0.2338639382742087
106,rating_sense_mean,0.19820820910648163
107,rating_imageability_mean,0.31140346970170296
107,rating_others_thoughts_mean,0.3771208621226234
107,rating_physical_mean,0.30515300394072986
107,rating_places_mean,0.24259245031028787
107,rating_valence_mean,0.3310742605449002
107,rating_arousal_mean,0.2277994408215177
107,rating_sense_mean,0.19634440238095874
108,rating_imageability_mean,0.3029692371016838
108,rating_others_thoughts_mean,0.37383022199508376
108,rating_physical_mean,0.27590835056978
108,rating_places_mean,0.23997881008220456
108,rating_valence_mean,0.3310714301624721
108,rating_arousal_mean,0.2277871649594394
108,rating_sense_mean,0.19629844313662548
109,rating_imageability_mean,0.3003615759191943
109,rating_others_thoughts_mean,0.3725223178982513
109,rating_physical_mean,0.2728020151095294
109,rating_places_mean,0.21900681775732345
109,rating_valence_mean,0.33081873910329906
109,rating_arousal_mean,0.22777377973539603
109,rating_sense_mean,0.19619626295499748
110,rating_imageability_mean,0.3000395787140996
110,rating_others_thoughts_mean,0.37211449749147085
110,rating_physical_mean,0.2727743013589211
110,rating_places_mean,0.2190065555703098
110,rating_valence_mean,0.30363342921804615
110,rating_arousal_mean,0.22776262236614275
110,rating_sense_mean,0.19619302057500965
111,rating_imageability_mean,0.29917121671777747
111,rating_others_thoughts_mean,0.3651578689595898
111,rating_physical_mean,0.2727684681377356
111,rating_places_mean,0.21879403593488111
111,rating_valence_mean,0.30327818905080217
111,rating_arousal_mean,0.203915314402758
111,rating_sense_mean,0.19599533281487458
112,rating_imageability_mean,0.2985299651373503
112,rating_others_thoughts_mean,0.3600582336979711
112,rating_physical_mean,0.27273618744455685
112,rating_places_mean,0.21879379555919076
112,rating_valence_mean,0.30326459781629156
112,rating_arousal_mean,0.20327084656122496
112,rating_sense_mean,0.18056020017558583
113,rating_imageability_mean,0.27702877553458605
113,rating_others_thoughts_mean,0.35981886725733003
113,rating_physical_mean,0.2622070416607457
113,rating_places_mean,0.21724013152475719
113,rating_valence_mean,0.303067118379169
113,rating_arousal_mean,0.20318442007264848
113,rating_sense_mean,0.18031322062382027
114,rating_imageability_mean,0.27666149786172056
114,rating_others_thoughts_mean,0.32824163423543995
114,rating_physical_mean,0.25857595195483385
114,rating_places_mean,0.21416137606696506
114,rating_valence_mean,0.3030097013329276
114,rating_arousal_mean,0.19847497771932376
114,rating_sense_mean,0.17932283745513167
115,rating_imageability_mean,0.26791717362648515
115,rating_others_thoughts_mean,0.3262619989551546
115,rating_physical_mean,0.23139251384833592
115,rating_places_mean,0.21247161557575645
115,rating_valence_mean,0.3027800036309751
115,rating_arousal_mean,0.19818777596291093
115,rating_sense_mean,0.17896332031849016
116,rating_imageability_mean,0.2670813954514032
116,rating_others_thoughts_mean,0.3240127229637615
116,rating_physical_mean,0.22977652197368614
116,rating_places_mean,0.19142250397045812
116,rating_valence_mean,0.30275193139019707
116,rating_arousal_mean,0.1978306981173289
116,rating_sense_mean,0.17883281434483778
117,rating_imageability_mean,0.26689349509334703
117,rating_others_thoughts_mean,0.32401274800787117
117,rating_physical_mean,0.22971498422800252
117,rating_places_mean,0.1914217246364428
117,rating_valence_mean,0.27429361453833223
117,rating_arousal_mean,0.1976121986523499
117,rating_sense_mean,0.17883134357756814
118,rating_imageability_mean,0.26654094555849284
118,rating_others_thoughts_mean,0.3203113533457924
118,rating_physical_mean,0.22961642858878784
118,rating_places_mean,0.19141568394761566
118,rating_valence_mean,0.27399011839410803
118,rating_arousal_mean,0.17603460009340788
118,rating_sense_mean,0.17854927978715263
119,rating_imageability_mean,0.26632600733029155
119,rating_others_thoughts_mean,0.3178400434911475
119,rating_physical_mean,0.2290009164214234
119,rating_places_mean,0.1911049543347142
119,rating_valence_mean,0.27398709571363133
119,rating_arousal_mean,0.17568928074495915
119,rating_sense_mean,0.16193125724881052
120,rating_imageability_mean,0.2451606867919901
120,rating_others_thoughts_mean,0.3178313719998035
120,rating_physical_mean,0.21801942873018743
120,rating_places_mean,0.18879341313781883
120,rating_valence_mean,0.2737890460009025
120,rating_arousal_mean,0.17557493555787385
120,rating_sense_mean,0.1618439098593215
121,rating_imageability_mean,0.24497912079570527
121,rating_others_thoughts_mean,0.2881853015236282
121,rating_physical_mean,0.21509538364508662
121,rating_places_mean,0.18676365457491362
121,rating_valence_mean,0.27367339889634645
121,rating_arousal_mean,0.17022585762654452
121,rating_sense_mean,0.1607550029411453
122,rating_imageability_mean,0.23915725774744956
122,rating_others_thoughts_mean,0.28451940293372324
122,rating_physical_mean,0.1918878445818586
122,rating_places_mean,0.18524935481909077
122,rating_valence_mean,0.27357459922476135
122,rating_arousal_mean,0.17002506650513538
122,rating_sense_mean,0.1606811392585733
123,rating_imageability_mean,0.23853500924949356
123,rating_others_thoughts_mean,0.28390556634338626
123,rating_physical_mean,0.19092675115039737
123,rating_places_mean,0.165085523541038
123,rating_valence_mean,0.2735264597264563
123,rating_arousal_mean,0.16967385128379409
123,rating_sense_mean,0.16056609481339457
124,rating_imageability_mean,0.23847801936677127
124,rating_others_thoughts_mean,0.2838829130234355
124,rating_physical_mean,0.19089654824538238
124,rating_places_mean,0.1649878470096221
124,rating_valence_mean,0.24525213535070456
124,rating_arousal_mean,0.16923613451034625
124,rating_sense_mean,0.16052178435974163
125,rating_imageability_mean,0.23835358578972188
125,rating_others_thoughts_mean,0.2797609674831659
125,rating_physical_mean,0.19087943225874981
125,rating_places_mean,0.16461220393909737
125,rating_valence_mean,0.24521801779956887
125,rating_arousal_mean,0.1491784656254347
125,rating_sense_mean,0.16043250804846554
126,rating_imageability_mean,0.2380019240751663
126,rating_others_thoughts_mean,0.27868698748967413
126,rating_physical_mean,0.19076264112715857
126,rating_places_mean,0.16453208187935364
126,rating_valence_mean,0.24521529983185442
126,rating_arousal_mean,0.1489422103383259
126,rating_sense_mean,0.14701617572802472
127,rating_imageability_mean,0.21993401377726207
127,rating_others_thoughts_mean,0.27866951755444325
127,rating_physical_mean,0.18466638546406122
127,rating_places_mean,0.1632073988928785
127,rating_valence_mean,0.24482104695519624
127,rating_arousal_mean,0.14855447261009014
127,rating_sense_mean,0.14688381728413646
128,rating_imageability_mean,0.21979771181698737
128,rating_others_thoughts_mean,0.2541899853510212
128,rating_physical_mean,0.18257935766923672
128,rating_places_mean,0.16278294752468359
128,rating_valence_mean,0.2448027563165368
128,rating_arousal_mean,0.14535184602743956
128,rating_sense_mean,0.145510958371029
129,rating_imageability_mean,0.21502969933584848
129,rating_others_thoughts_mean,0.2529215337500891
129,rating_physical_mean,0.16508412753516066
129,rating_places_mean,0.1626855476873016
129,rating_valence_mean,0.24474862602729397
129,rating_arousal_mean,0.14533854003218782
129,rating_sense_mean,0.14549931466016452
130,rating_imageability_mean,0.2146807114420316
130,rating_others_thoughts_mean,0.25252913752078365
130,rating_physical_mean,0.1649278945124436
130,rating_places_mean,0.14404928934514505
130,rating_valence_mean,0.24473042304186432
130,rating_arousal_mean,0.1452947839551183
130,rating_sense_mean,0.14532877946557876
131,rating_imageability_mean,0.21467196389733156
131,rating_others_thoughts_mean,0.2524472160734409
131,rating_physical_mean,0.1649240879464985
131,rating_places_mean,0.14400501036059565
131,rating_valence_mean,0.21665315512254835
131,rating_arousal_mean,0.1451824955865968
131,rating_sense_mean,0.14532605140874955
132,rating_imageability_mean,0.21462118143823716
132,rating_others_thoughts_mean,0.24962056239655217
132,rating_physical_mean,0.16489843267158222
132,rating_places_mean,0.14391912579036603
132,rating_valence_mean,0.2153983994146178
132,rating_arousal_mean,0.12970695931555332
132,rating_sense_mean,0.145252996958954
133,rating_imageability_mean,0.21452749907801782
133,rating_others_thoughts_mean,0.24773236174975777
133,rating_physical_mean,0.16405081734985139
133,rating_places_mean,0.14391736068660343
133,rating_valence_mean,0.2153585094729027
133,rating_arousal_mean,0.1295985937732581
133,rating_sense_mean,0.13049349295085477
134,rating_imageability_mean,0.19610696137840344
134,rating_others_thoughts_mean,0.24737460485253038
134,rating_physical_mean,0.1583999154105874
134,rating_places_mean,0.1435175638299725
134,rating_valence_mean,0.21535626396347463
134,rating_arousal_mean,0.12933651888582076
134,rating_sense_mean,0.13046232648700973
135,rating_imageability_mean,0.1960744013709298
135,rating_others_thoughts_mean,0.22565122894369471
135,rating_physical_mean,0.15687059297000838
135,rating_places_mean,0.1433800132815507
135,rating_valence_mean,0.21535625965581184
135,rating_arousal_mean,0.12780564899567248
135,rating_sense_mean,0.13004127588286074
136,rating_imageability_mean,0.19219905335663068
136,rating_others_thoughts_mean,0.2236920012556204
136,rating_physical_mean,0.13803669663272167
136,rating_places_mean,0.14319843004243904
136,rating_valence_mean,0.2153194457642168
136,rating_arousal_mean,0.12778170573393643
136,rating_sense_mean,0.12910165969295284
137,rating_imageability_mean,0.19197040666509924
137,rating_others_thoughts_mean,0.22302378113363575
137,rating_physical_mean,0.13801590094719673
137,rating_places_mean,0.12730400025587063
137,rating_valence_mean,0.21526127313864152
137,rating_arousal_mean,0.12777934121605927
137,rating_sense_mean,0.12908597626125162
138,rating_imageability_mean,0.19170052591701336
138,rating_others_thoughts_mean,0.22302233541030914
138,rating_physical_mean,0.13774748000833692
138,rating_places_mean,0.12722098873599363
138,rating_valence_mean,0.19080710653179933
138,rating_arousal_mean,0.12763188576389595
138,rating_sense_mean,0.12905755900133897
139,rating_imageability_mean,0.19031980657518843
139,rating_others_thoughts_mean,0.21988357874628028
139,rating_physical_mean,0.137587090796788
139,rating_places_mean,0.1272209094407487
139,rating_valence_mean,0.19078539929096328
139,rating_arousal_mean,0.11115011339897762
139,rating_sense_mean,0.12892124012262107
140,rating_imageability_mean,0.19031622488393019
140,rating_others_thoughts_mean,0.21851653348076638
140,rating_physical_mean,0.13696077544252105
140,rating_places_mean,0.12721103020086977
140,rating_valence_mean,0.19066216794189284
140,rating_arousal_mean,0.11109085782203243
140,rating_sense_mean,0.11520169269364267
141,rating_imageability_mean,0.1749309934872535
141,rating_others_thoughts_mean,0.21798240945962122
141,rating_physical_mean,0.13332765300606075
141,rating_places_mean,0.12663953754143709
141,rating_valence_mean,0.19049307822615003
141,rating_arousal_mean,0.11102971881792656
141,rating_sense_mean,0.11517353913672324
142,rating_imageability_mean,0.17474626535959703
142,rating_others_thoughts_mean,0.19578455756066737
142,rating_physical_mean,0.13285033145507652
142,rating_places_mean,0.12658004210679075
142,rating_valence_mean,0.19048762293287513
142,rating_arousal_mean,0.10942727671811925
142,rating_sense_mean,0.11367562183208124
143,rating_imageability_mean,0.17019233597208738
143,rating_others_thoughts_mean,0.1952338967877285
143,rating_physical_mean,0.11582975417254637
143,rating_places_mean,0.12646150329368222
143,rating_valence_mean,0.1904373140405553
143,rating_arousal_mean,0.10933534772031683
143,rating_sense_mean,0.11319473493933296
144,rating_imageability_mean,0.16987760516305406
144,rating_others_thoughts_mean,0.1950839246201892
144,rating_physical_mean,0.1155633254574906
144,rating_places_mean,0.1114412541379115
144,rating_valence_mean,0.1901744384178522
144,rating_arousal_mean,0.10923604261105313
144,rating_sense_mean,0.11318410853642413
145,rating_imageability_mean,0.16980457959078676
145,rating_others_thoughts_mean,0.19502424634735183
145,rating_physical_mean,0.11556178241861648
145,rating_places_mean,0.11143971098594618
145,rating_valence_mean,0.1693373999392067
145,rating_arousal_mean,0.10900074134251148
145,rating_sense_mean,0.11317111018165504
146,rating_imageability_mean,0.1693677965964644
146,rating_others_thoughts_mean,0.19070012927596403
146,rating_physical_mean,0.11555669716248884
146,rating_places_mean,0.11143964973333553
146,rating_valence_mean,0.16927912676049262
146,rating_arousal_mean,0.0967532732487919
146,rating_sense_mean,0.11296613584222803
147,rating_imageability_mean,0.1692521825185519
147,rating_others_thoughts_mean,0.18940585586519898
147,rating_physical_mean,0.11536504853038554
147,rating_places_mean,0.11143747285815975
147,rating_valence_mean,0.16921189471620746
147,rating_arousal_mean,0.09675229616408187
147,rating_sense_mean,0.10016201169569516
148,rating_imageability_mean,0.1541440890256457
148,rating_others_thoughts_mean,0.18864372148763175
148,rating_physical_mean,0.11165335414950606
148,rating_places_mean,0.11123284393693034
148,rating_valence_mean,0.1691464056276324
148,rating_arousal_mean,0.09639225360768633
148,rating_sense_mean,0.10011498947601771
149,rating_imageability_mean,0.15367881169978914
149,rating_others_thoughts_mean,0.16666335072068772
149,rating_physical_mean,0.1115241221228932
149,rating_places_mean,0.11122030735549704
149,rating_valence_mean,0.16914491072198368
149,rating_arousal_mean,0.09522250297682466
149,rating_sense_mean,0.09941948815685375
150,rating_imageability_mean,0.1499068821216919
150,rating_others_thoughts_mean,0.16639750973813272
150,rating_physical_mean,0.09690738787766329
150,rating_places_mean,0.11120548507353989
150,rating_valence_mean,0.16899917437679546
150,rating_arousal_mean,0.09519509399816228
150,rating_sense_mean,0.09904598550435229
151,rating_imageability_mean,0.14923923898538938
151,rating_others_thoughts_mean,0.16637176576294666
151,rating_physical_mean,0.09653789718990335
151,rating_places_mean,0.0985103544608773
151,rating_valence_mean,0.16898502023270723
151,rating_arousal_mean,0.09517477075723701
151,rating_sense_mean,0.09901995946349185
152,rating_imageability_mean,0.149103132929003
152,rating_others_thoughts_mean,0.16637136696025068
152,rating_physical_mean,0.09653427469914211
152,rating_places_mean,0.09840520634150518
152,rating_valence_mean,0.1504539723362074
152,rating_arousal_mean,0.09513653883846851
152,rating_sense_mean,0.09890936894567637
153,rating_imageability_mean,0.14901527533677827
153,rating_others_thoughts_mean,0.1645855265218692
153,rating_physical_mean,0.09653426489018913
153,rating_places_mean,0.09840499251020585
153,rating_valence_mean,0.1504537961648138
153,rating_arousal_mean,0.08436451514874577
153,rating_sense_mean,0.09886657568628954
154,rating_imageability_mean,0.14901515993844727
154,rating_others_thoughts_mean,0.16349786667718125
154,rating_physical_mean,0.09605126570998457
154,rating_places_mean,0.09826385708880392
154,rating_valence_mean,0.15045327420621668
154,rating_arousal_mean,0.08433043919338346
154,rating_sense_mean,0.08790835387846851
155,rating_imageability_mean,0.13319038587703735
155,rating_others_thoughts_mean,0.16311379314085284
155,rating_physical_mean,0.09286168515685933
155,rating_places_mean,0.0979184541663255
155,rating_valence_mean,0.15044408468545556
155,rating_arousal_mean,0.08427173001227473
155,rating_sense_mean,0.08790369439913504
156,rating_imageability_mean,0.13257596932737126
156,rating_others_thoughts_mean,0.14504821567853166
156,rating_physical_mean,0.09276957497830518
156,rating_places_mean,0.09791726851603844
156,rating_valence_mean,0.15044283767486466
156,rating_arousal_mean,0.083490484264099
156,rating_sense_mean,0.08738084995726914
157,rating_imageability_mean,0.1304785687954172
157,rating_others_thoughts_mean,0.1449870674526681
157,rating_physical_mean,0.07904272612395069
157,rating_places_mean,0.09773472961512653
157,rating_valence_mean,0.1504360235999337
157,rating_arousal_mean,0.08348691422195609
157,rating_sense_mean,0.08689796426446095
158,rating_imageability_mean,0.13031267097360877
158,rating_others_thoughts_mean,0.14466044521478594
158,rating_physical_mean,0.07893346643387888
158,rating_places_mean,0.08315592023477358
158,rating_valence_mean,0.15040913091545272
158,rating_arousal_mean,0.08348283923315714
158,rating_sense_mean,0.08688961078476243
159,rating_imageability_mean,0.13015390742061517
159,rating_others_thoughts_mean,0.14463795754335596
159,rating_physical_mean,0.0788847175960311
159,rating_places_mean,0.08314944649566636
159,rating_valence_mean,0.13355845096283803
159,rating_arousal_mean,0.08348028745198066
159,rating_sense_mean,0.0868763873781433
160,rating_imageability_mean,0.13007745275425275
160,rating_others_thoughts_mean,0.14433857358048985
160,rating_physical_mean,0.07888129544731604
160,rating_places_mean,0.08313121123537459
160,rating_valence_mean,0.13345623659021644
160,rating_arousal_mean,0.07296571584759481
160,rating_sense_mean,0.0866574648454922
161,rating_imageability_mean,0.13007585672707145
161,rating_others_thoughts_mean,0.14398465034922403
161,rating_physical_mean,0.07848024885656602
161,rating_places_mean,0.08312142193088778
161,rating_valence_mean,0.13331512184710037
161,rating_arousal_mean,0.07283352803201304
161,rating_sense_mean,0.07564377856600546
162,rating_imageability_mean,0.1161993704929074
162,rating_others_thoughts_mean,0.14329376533763072
162,rating_physical_mean,0.07632410988110427
162,rating_places_mean,0.08302641469210503
162,rating_valence_mean,0.13323306699360637
162,rating_arousal_mean,0.07283224176851222
162,rating_sense_mean,0.07562869643854775
163,rating_imageability_mean,0.11567009844709963
163,rating_others_thoughts_mean,0.12814270842233266
163,rating_physical_mean,0.07632364135700298
163,rating_places_mean,0.08302348157498451
163,rating_valence_mean,0.13323139123645533
163,rating_arousal_mean,0.0725848115423714
163,rating_sense_mean,0.07551044310899147
164,rating_imageability_mean,0.11320913142567934
164,rating_others_thoughts_mean,0.12811942726692938
164,rating_physical_mean,0.06563540503774401
164,rating_places_mean,0.08301508422052395
164,rating_valence_mean,0.13306122807509946
164,rating_arousal_mean,0.0725675745579889
164,rating_sense_mean,0.07485983146778186
165,rating_imageability_mean,0.11299427505132509
165,rating_others_thoughts_mean,0.1280210238479681
165,rating_physical_mean,0.06562496342575908
165,rating_places_mean,0.07180936710392027
165,rating_valence_mean,0.1328360117888937
165,rating_arousal_mean,0.07243075763888918
165,rating_sense_mean,0.07483815189622756
166,rating_imageability_mean,0.11278144429054582
166,rating_others_thoughts_mean,0.12802077240274856
166,rating_physical_mean,0.0656218663376088
166,rating_places_mean,0.07179655602820334
166,rating_valence_mean,0.11573141645366702
166,rating_arousal_mean,0.07242781437074364
166,rating_sense_mean,0.07482795215020654
167,rating_imageability_mean,0.11271823771057499
167,rating_others_thoughts_mean,0.12756552585577796
167,rating_physical_mean,0.06559012645552253
167,rating_places_mean,0.0716894212537339
167,rating_valence_mean,0.11573142506326906
167,rating_arousal_mean,0.06318333762114048
167,rating_sense_mean,0.07469408725594928
168,rating_imageability_mean,0.11270438512901537
168,rating_others_thoughts_mean,0.12729395499815033
168,rating_physical_mean,0.06530307724670503
168,rating_places_mean,0.07168728294513516
168,rating_valence_mean,0.11573050049329714
168,rating_arousal_mean,0.06294563169241674
168,rating_sense_mean,0.06517151131244403
169,rating_imageability_mean,0.10157525945740009
169,rating_others_thoughts_mean,0.1266295044198279
169,rating_physical_mean,0.06359428476190487
169,rating_places_mean,0.07166894668069534
169,rating_valence_mean,0.11558795573530722
169,rating_arousal_mean,0.06294562469433118
169,rating_sense_mean,0.06514684910787016
170,rating_imageability_mean,0.10138518076314096
170,rating_others_thoughts_mean,0.11174013222122647
170,rating_physical_mean,0.06358633167146488
170,rating_places_mean,0.07165562795943914
170,rating_valence_mean,0.11555933603117197
170,rating_arousal_mean,0.06278806807851056
170,rating_sense_mean,0.06514130183888356
171,rating_imageability_mean,0.09994599409249427
171,rating_others_thoughts_mean,0.11170253485085802
171,rating_physical_mean,0.055362031673103274
171,rating_places_mean,0.07165163160450949
171,rating_valence_mean,0.11520629334913601
171,rating_arousal_mean,0.06270813319921309
171,rating_sense_mean,0.06440769787797607
172,rating_imageability_mean,0.09959135546475828
172,rating_others_thoughts_mean,0.11169891015678568
172,rating_physical_mean,0.055325283564231054
172,rating_places_mean,0.06260245275779452
172,rating_valence_mean,0.11514753415188039
172,rating_arousal_mean,0.0626669106684119
172,rating_sense_mean,0.06439210540190488
173,rating_imageability_mean,0.09956638369264548
173,rating_others_thoughts_mean,0.11164654734335311
173,rating_physical_mean,0.0553241117415566
173,rating_places_mean,0.062439814152112416
173,rating_valence_mean,0.10159044503986103
173,rating_arousal_mean,0.06264637069475842
173,rating_sense_mean,0.06438321182131135
174,rating_imageability_mean,0.09956424242536122
174,rating_others_thoughts_mean,0.11139227287735387
174,rating_physical_mean,0.055290525975488225
174,rating_places_mean,0.062336104390934066
174,rating_valence_mean,0.10157640269495316
174,rating_arousal_mean,0.054228893915061804
174,rating_sense_mean,0.06390808188119801
175,rating_imageability_mean,0.09952419766788756
175,rating_others_thoughts_mean,0.11105869398987889
175,rating_physical_mean,0.05488198661865973
175,rating_places_mean,0.06216187525210781
175,rating_valence_mean,0.10140445263503728
175,rating_arousal_mean,0.05374669796205722
175,rating_sense_mean,0.05525041977695411
176,rating_imageability_mean,0.0899486943472313
176,rating_others_thoughts_mean,0.11023998684479897
176,rating_physical_mean,0.05386235228625724
176,rating_places_mean,0.061848804987407635
176,rating_valence_mean,0.10134254920831687
176,rating_arousal_mean,0.053672359166392014
176,rating_sense_mean,0.05520523948056566
177,rating_imageability_mean,0.08958876257825199
177,rating_others_thoughts_mean,0.09698633136369095
177,rating_physical_mean,0.053854714700620976
177,rating_places_mean,0.061823853424663455
177,rating_valence_mean,0.10133839801844136
177,rating_arousal_mean,0.05340870408287901
177,rating_sense_mean,0.05516270269266821
178,rating_imageability_mean,0.08866661630602413
178,rating_others_thoughts_mean,0.0969815323323735
178,rating_physical_mean,0.04510579298170092
178,rating_places_mean,0.06179327923895972
178,rating_valence_mean,0.1013384018299881
178,rating_arousal_mean,0.053360478039302994
178,rating_sense_mean,0.054812403739283644
179,rating_imageability_mean,0.08853445801755389
179,rating_others_thoughts_mean,0.09691624707179702
179,rating_physical_mean,0.04506613933137382
179,rating_places_mean,0.05386035494487107
179,rating_valence_mean,0.10133826453890737
179,rating_arousal_mean,0.053286584474289134
179,rating_sense_mean,0.05475411017259191
180,rating_imageability_mean,0.08852941597658215
180,rating_others_thoughts_mean,0.09690381681730575
180,rating_physical_mean,0.04503103802803321
180,rating_places_mean,0.053835850906760685
180,rating_valence_mean,0.08751284363512335
180,rating_arousal_mean,0.05324845156135771
180,rating_sense_mean,0.05475071430561729
181,rating_imageability_mean,0.08852125814215239
181,rating_others_thoughts_mean,0.09671418423886047
181,rating_physical_mean,0.04489656775276263
181,rating_places_mean,0.0538353108351004
181,rating_valence_mean,0.08750681778160974
181,rating_arousal_mean,0.04500412019817435
181,rating_sense_mean,0.05437100899883285
182,rating_imageability_mean,0.08851084822200217
182,rating_others_thoughts_mean,0.09661189499461154
182,rating_physical_mean,0.044518787547447536
182,rating_places_mean,0.05383513677413221
182,rating_valence_mean,0.08738479839716207
182,rating_arousal_mean,0.044867227078633665
182,rating_sense_mean,0.04725329068222717
183,rating_imageability_mean,0.07992549257828652
183,rating_others_thoughts_mean,0.09608702411919978
183,rating_physical_mean,0.04351134811572499
183,rating_places_mean,0.05372391640790286
183,rating_valence_mean,0.087163494984698
183,rating_arousal_mean,0.04486712931411663
183,rating_sense_mean,0.04724531061825832
184,rating_imageability_mean,0.07964174465441631
184,rating_others_thoughts_mean,0.08411973174637077
184,rating_physical_mean,0.043505381938829024
184,rating_places_mean,0.053649750561503895
184,rating_valence_mean,0.08716327891086406
184,rating_arousal_mean,0.044706179301597704
184,rating_sense_mean,0.04721452378942337
185,rating_imageability_mean,0.07839448948958394
185,rating_others_thoughts_mean,0.08411414575540388
185,rating_physical_mean,0.03737593607471856
185,rating_places_mean,0.05360876161082251
185,rating_valence_mean,0.08712518380586987
185,rating_arousal_mean,0.04466913330521116
185,rating_sense_mean,0.04648814093880005
186,rating_imageability_mean,0.07835486493747323
186,rating_others_thoughts_mean,0.08409201946213274
186,rating_physical_mean,0.037346894218094895
186,rating_places_mean,0.045946331204257285
186,rating_valence_mean,0.08712315366326617
186,rating_arousal_mean,0.04466193685312492
186,rating_sense_mean,0.04635721992776254
187,rating_imageability_mean,0.07832785999008762
187,rating_others_thoughts_mean,0.08409141054501801
187,rating_physical_mean,0.03729854866515003
187,rating_places_mean,0.04594609153629814
187,rating_valence_mean,0.07435313842922953
187,rating_arousal_mean,0.04455777488767987
187,rating_sense_mean,0.04635719691879425
188,rating_imageability_mean,0.07831340350844018
188,rating_others_thoughts_mean,0.08402212354328042
188,rating_physical_mean,0.03729749854030817
188,rating_places_mean,0.04592985033700758
188,rating_valence_mean,0.0743503511292084
188,rating_arousal_mean,0.03813415868541015
188,rating_sense_mean,0.046186098293105826
189,rating_imageability_mean,0.0782949953453218
189,rating_others_thoughts_mean,0.0838941394319539
189,rating_physical_mean,0.03714609685540371
189,rating_places_mean,0.04590103414698554
189,rating_valence_mean,0.07427662771787802
189,rating_arousal_mean,0.03809935155179933
189,rating_sense_mean,0.039430618493577096
190,rating_imageability_mean,0.07038359470703515
190,rating_others_thoughts_mean,0.08351838927772515
190,rating_physical_mean,0.03652798800926049
190,rating_places_mean,0.04574554099061989
190,rating_valence_mean,0.07426969693340979
190,rating_arousal_mean,0.03809901811980321
190,rating_sense_mean,0.03939656876660158
191,rating_imageability_mean,0.07006807083913891
191,rating_others_thoughts_mean,0.07417893142809029
191,rating_physical_mean,0.036527421283583106
191,rating_places_mean,0.045703806893269805
191,rating_valence_mean,0.07425212132067438
191,rating_arousal_mean,0.03795742279809189
191,rating_sense_mean,0.03931238673865667
192,rating_imageability_mean,0.06936606325953631
192,rating_others_thoughts_mean,0.07417882849348445
192,rating_physical_mean,0.030814821936171466
192,rating_places_mean,0.045679224551698594
192,rating_valence_mean,0.07425172104780797
192,rating_arousal_mean,0.03795741122213869
192,rating_sense_mean,0.039109265301577545
193,rating_imageability_mean,0.06932848252792612
193,rating_others_thoughts_mean,0.07416922870302722
193,rating_physical_mean,0.03081449233505995
193,rating_places_mean,0.03930896189801836
193,rating_valence_mean,0.07424487896800813
193,rating_arousal_mean,0.037952998149240136
193,rating_sense_mean,0.03910862478953747
194,rating_imageability_mean,0.06917195285789379
194,rating_others_thoughts_mean,0.07416093277298674
194,rating_physical_mean,0.030813933880390332
194,rating_places_mean,0.03930280660400398
194,rating_valence_mean,0.06323555234815981
194,rating_arousal_mean,0.037950595294473644
194,rating_sense_mean,0.03910316152721305
195,rating_imageability_mean,0.06912764838703067
195,rating_others_thoughts_mean,0.07409152627015725
195,rating_physical_mean,0.0308022639371639
195,rating_places_mean,0.03929809499619252
195,rating_valence_mean,0.0631163805388899
195,rating_arousal_mean,0.03201798692536739
195,rating_sense_mean,0.039018109492076625
196,rating_imageability_mean,0.06911096661979188
196,rating_others_thoughts_mean,0.07393658128706526
196,rating_physical_mean,0.03068809297540198
196,rating_places_mean,0.03921376413682298
196,rating_valence_mean,0.06311601228220809
196,rating_arousal_mean,0.03197022563159002
196,rating_sense_mean,0.0335559198458808
197,rating_imageability_mean,0.06211834579255504
197,rating_others_thoughts_mean,0.07334751756866931
197,rating_physical_mean,0.030306637069654307
197,rating_places_mean,0.03916996402081263
197,rating_valence_mean,0.06311298207132565
197,rating_arousal_mean,0.03196885328831789
197,rating_sense_mean,0.033546423934456615
198,rating_imageability_mean,0.061933310403097575
198,rating_others_thoughts_mean,0.06315617839537113
198,rating_physical_mean,0.0303060594931176
198,rating_places_mean,0.03895988471759082
198,rating_valence_mean,0.06309069511437415
198,rating_arousal_mean,0.03195748184769731
198,rating_sense_mean,0.03348450304728989
199,rating_imageability_mean,0.06139357319688987
199,rating_others_thoughts_mean,0.0631269445224032
199,rating_physical_mean,0.025648621319763087
199,rating_places_mean,0.0389294357850809
199,rating_valence_mean,0.06309064103490658
199,rating_arousal_mean,0.03194627878578793
199,rating_sense_mean,0.03323076756743959
200,rating_imageability_mean,0.06137628300210729
200,rating_others_thoughts_mean,0.06286538760757199
200,rating_physical_mean,0.025647270724810656
200,rating_places_mean,0.03300804937690771
200,rating_valence_mean,0.06309063836995954
200,rating_arousal_mean,0.031941288726903605
200,rating_sense_mean,0.03315721173656039
201,rating_imageability_mean,0.061353074085957804
201,rating_others_thoughts_mean,0.06286511248310112
201,rating_physical_mean,0.025644999264187396
201,rating_places_mean,0.03300502167643349
201,rating_valence_mean,0.05400159383066061
201,rating_arousal_mean,0.03190950132309234
201,rating_sense_mean,0.03314486026760477
202,rating_imageability_mean,0.06129491152922162
202,rating_others_thoughts_mean,0.06268958539413627
202,rating_physical_mean,0.025644525667395834
202,rating_places_mean,0.03298114115153428
202,rating_valence_mean,0.05399462749935713
202,rating_arousal_mean,0.026802505895476947
202,rating_sense_mean,0.03307141163795457
203,rating_imageability_mean,0.06116320004940634
203,rating_others_thoughts_mean,0.06255269452277956
203,rating_physical_mean,0.025540580131214075
203,rating_places_mean,0.03286062586819671
203,rating_valence_mean,0.05399080334247597
203,rating_arousal_mean,0.02679327722198055
203,rating_sense_mean,0.028082119618479395
204,rating_imageability_mean,0.054632941327809714
204,rating_others_thoughts_mean,0.062294997500639826
204,rating_physical_mean,0.025292511279109586
204,rating_places_mean,0.03282163342934874
204,rating_valence_mean,0.05399002038171108
204,rating_arousal_mean,0.026697082573829856
204,rating_sense_mean,0.0280424854833633
205,rating_imageability_mean,0.05449169932829645
205,rating_others_thoughts_mean,0.053767300305372245
205,rating_physical_mean,0.025290763903048186
205,rating_places_mean,0.03277954900148283
205,rating_valence_mean,0.053980491005399145
205,rating_arousal_mean,0.026653227970873328
205,rating_sense_mean,0.02798673021063558
206,rating_imageability_mean,0.05433482110815002
206,rating_others_thoughts_mean,0.053758809533880014
206,rating_physical_mean,0.021391718223576883
206,rating_places_mean,0.03275939091402447
206,rating_valence_mean,0.053959401772544546
206,rating_arousal_mean,0.026646237496504188
206,rating_sense_mean,0.027959045435908325
207,rating_imageability_mean,0.05419360057432043
207,rating_others_thoughts_mean,0.05372150307889423
207,rating_physical_mean,0.02139025498191338
207,rating_places_mean,0.027049061118256112
207,rating_valence_mean,0.05395678441623397
207,rating_arousal_mean,0.0266197156443011
207,rating_sense_mean,0.02788781716601363
208,rating_imageability_mean,0.054168095077701706
208,rating_others_thoughts_mean,0.053569892919796636
208,rating_physical_mean,0.021390224723423112
208,rating_places_mean,0.02704496660737077
208,rating_valence_mean,0.04615577704661755
208,rating_arousal_mean,0.02660522093609119
208,rating_sense_mean,0.027885448136930946
209,rating_imageability_mean,0.05402683493837235
209,rating_others_thoughts_mean,0.0535548322071705
209,rating_physical_mean,0.021389324216247618
209,rating_places_mean,0.027005406546473543
209,rating_valence_mean,0.04607882884131331
209,rating_arousal_mean,0.022477059368200325
209,rating_sense_mean,0.027742932980544976
210,rating_imageability_mean,0.05399422724242886
210,rating_others_thoughts_mean,0.05345268140027459
210,rating_physical_mean,0.021326963026572332
210,rating_places_mean,0.026771601312556736
210,rating_valence_mean,0.04607859854628116
210,rating_arousal_mean,0.022450459694178804
210,rating_sense_mean,0.023126348978938505
211,rating_imageability_mean,0.0483262503169406
211,rating_others_thoughts_mean,0.053083781808285546
211,rating_physical_mean,0.02121425406058386
211,rating_places_mean,0.026679711913979887
211,rating_valence_mean,0.04604421223338284
211,rating_arousal_mean,0.022411178793320663
211,rating_sense_mean,0.023110626296396375
212,rating_imageability_mean,0.04809212378085104
212,rating_others_thoughts_mean,0.04496421509584181
212,rating_physical_mean,0.02120782146688993
212,rating_places_mean,0.026631989119014876
212,rating_valence_mean,0.045967523602121974
212,rating_arousal_mean,0.022408905666946755
212,rating_sense_mean,0.02307334498289093
213,rating_imageability_mean,0.047912066925417385
213,rating_others_thoughts_mean,0.044951334140534205
213,rating_physical_mean,0.017811270415366343
213,rating_places_mean,0.026631999072052603
213,rating_valence_mean,0.045902684317571496
213,rating_arousal_mean,0.02240670234908504
213,rating_sense_mean,0.02302179290704298
214,rating_imageability_mean,0.04783757980714687
214,rating_others_thoughts_mean,0.04485752637861207
214,rating_physical_mean,0.017809973391949896
214,rating_places_mean,0.02208287171023582
214,rating_valence_mean,0.045846863219787704
214,rating_arousal_mean,0.022402008001672358
214,rating_sense_mean,0.023007159825476187
215,rating_imageability_mean,0.047794730848771616
215,rating_others_thoughts_mean,0.04477893447634984
215,rating_physical_mean,0.017797363434896907
215,rating_places_mean,0.0220806926366367
215,rating_valence_mean,0.03957245391852238
215,rating_arousal_mean,0.022374545035726556
215,rating_sense_mean,0.02299521586831621
216,rating_imageability_mean,0.047731503716731516
216,rating_others_thoughts_mean,0.04477110516882965
216,rating_physical_mean,0.01778108706456627
216,rating_places_mean,0.022066039252765957
216,rating_valence_mean,0.039522994339926676
216,rating_arousal_mean,0.01882095564253161
216,rating_sense_mean,0.022985977672226987
217,rating_imageability_mean,0.04771729692591831
217,rating_others_thoughts_mean,0.04465018222195227
217,rating_physical_mean,0.017740571430482133
217,rating_places_mean,0.0220474535771763
217,rating_valence_mean,0.039482401714104665
217,rating_arousal_mean,0.018819446360823666
217,rating_sense_mean,0.01924654122636582
218,rating_imageability_mean,0.04168704432912562
218,rating_others_thoughts_mean,0.04443103974595641
218,rating_physical_mean,0.017676739021060484
218,rating_places_mean,0.021995730581787942
218,rating_valence_mean,0.03945724719575139
218,rating_arousal_mean,0.01877157594598511
218,rating_sense_mean,0.019188736490996394
219,rating_imageability_mean,0.0414488819022778
219,rating_others_thoughts_mean,0.03708679806976156
219,rating_physical_mean,0.017664058903743896
219,rating_places_mean,0.02198991568973585
219,rating_valence_mean,0.03944518208035075
219,rating_arousal_mean,0.018750987629104987
219,rating_sense_mean,0.019102422233171934
220,rating_imageability_mean,0.04117229753296503
220,rating_others_thoughts_mean,0.037073351377545416
220,rating_physical_mean,0.015031498393989762
220,rating_places_mean,0.021987307381045595
220,rating_valence_mean,0.03940896224799384
220,rating_arousal_mean,0.018659789322928666
220,rating_sense_mean,0.019064350159842536
221,rating_imageability_mean,0.040975259983128454
221,rating_others_thoughts_mean,0.036976847715662564
221,rating_physical_mean,0.015029831188764775
221,rating_places_mean,0.018099658893155457
221,rating_valence_mean,0.0393990862679785
221,rating_arousal_mean,0.01865287846609065
221,rating_sense_mean,0.018939263679824236
222,rating_imageability_mean,0.04097468776887225
222,rating_others_thoughts_mean,0.03692617515637253
222,rating_physical_mean,0.014995344469505456
222,rating_places_mean,0.018099275435181972
222,rating_valence_mean,0.03401273340932098
222,rating_arousal_mean,0.01862334684573208
222,rating_sense_mean,0.01893908626545482
223,rating_imageability_mean,0.04090000453261866
223,rating_others_thoughts_mean,0.036922971057409826
223,rating_physical_mean,0.01499061580281269
223,rating_places_mean,0.018097552935665284
223,rating_valence_mean,0.03399309930203309
223,rating_arousal_mean,0.015346023807477072
223,rating_sense_mean,0.018905809520366246
224,rating_imageability_mean,0.04086656312267034
224,rating_others_thoughts_mean,0.03667522646347099
224,rating_physical_mean,0.014963736303306718
224,rating_places_mean,0.018014831729321834
224,rating_valence_mean,0.033983724505989965
224,rating_arousal_mean,0.015339810431110878
224,rating_sense_mean,0.016004125564986205
225,rating_imageability_mean,0.03605382920835276
225,rating_others_thoughts_mean,0.03650022521994456
225,rating_physical_mean,0.01490178028982514
225,rating_places_mean,0.017860532643057647
225,rating_valence_mean,0.03398352732133214
225,rating_arousal_mean,0.01533932098827906
225,rating_sense_mean,0.015970233730626227
226,rating_imageability_mean,0.03585790486954843
226,rating_others_thoughts_mean,0.030266488747012432
226,rating_physical_mean,0.014887915273016361
226,rating_places_mean,0.01784656906127713
226,rating_valence_mean,0.033983450367408574
226,rating_arousal_mean,0.01532801356808633
226,rating_sense_mean,0.01594630408181208
227,rating_imageability_mean,0.03547108568965873
227,rating_others_thoughts_mean,0.03024861612240226
227,rating_physical_mean,0.012454887014503702
227,rating_places_mean,0.017837219137677662
227,rating_valence_mean,0.03396819775450255
227,rating_arousal_mean,0.015327682576453783
227,rating_sense_mean,0.015907040889087898
228,rating_imageability_mean,0.035389356968981156
228,rating_others_thoughts_mean,0.03008096215972711
228,rating_physical_mean,0.012452742585031817
228,rating_places_mean,0.01465604157125966
228,rating_valence_mean,0.03396200623546641
228,rating_arousal_mean,0.015293624264376415
228,rating_sense_mean,0.015855776996507198
229,rating_imageability_mean,0.035365918563349696
229,rating_others_thoughts_mean,0.03007066588093077
229,rating_physical_mean,0.012373808833488376
229,rating_places_mean,0.014653414796116593
229,rating_valence_mean,0.029181583361706287
229,rating_arousal_mean,0.01529360546368641
229,rating_sense_mean,0.01585576384798859
230,rating_imageability_mean,0.03534329308289119
230,rating_others_thoughts_mean,0.030065537174032264
230,rating_physical_mean,0.012362151614660255
230,rating_places_mean,0.014649325345706843
230,rating_valence_mean,0.02918067724736617
230,rating_arousal_mean,0.012624554614569239
230,rating_sense_mean,0.015855762649332195
231,rating_imageability_mean,0.035332775986292586
231,rating_others_thoughts_mean,0.029836886418492137
231,rating_physical_mean,0.012326182859402679
231,rating_places_mean,0.014644858789098159
231,rating_valence_mean,0.029178226506155425
231,rating_arousal_mean,0.012622494980771282
231,rating_sense_mean,0.013360388497599796
232,rating_imageability_mean,0.03033978315942576
232,rating_others_thoughts_mean,0.029571625615881558
232,rating_physical_mean,0.012216686638190422
232,rating_places_mean,0.014559657045223995
232,rating_valence_mean,0.029144962360662996
232,rating_arousal_mean,0.012622500171498796
232,rating_sense_mean,0.013360058832235011
233,rating_imageability_mean,0.030260890679053243
233,rating_others_thoughts_mean,0.02388605013980416
233,rating_physical_mean,0.012203849855379145
233,rating_places_mean,0.014483346599460267
233,rating_valence_mean,0.029104457757998414
233,rating_arousal_mean,0.01262248737806082
233,rating_sense_mean,0.013275645963733873
234,rating_imageability_mean,0.03009259435680023
234,rating_others_thoughts_mean,0.023865022918072354
234,rating_physical_mean,0.010330445236315988
234,rating_places_mean,0.014480597923862026
234,rating_valence_mean,0.029096002570201174
234,rating_arousal_mean,0.012611196469343167
234,rating_sense_mean,0.01326824988951214
235,rating_imageability_mean,0.03007321916290695
235,rating_others_thoughts_mean,0.023635913180096724
235,rating_physical_mean,0.010330118031036117
235,rating_places_mean,0.011828089682119347
235,rating_valence_mean,0.029092834584761085
235,rating_arousal_mean,0.012598420931633214
235,rating_sense_mean,0.013266312470810893
236,rating_imageability_mean,0.030071341930148154
236,rating_others_thoughts_mean,0.02360173074365557
236,rating_physical_mean,0.01032952976624435
236,rating_places_mean,0.011828056691691846
236,rating_valence_mean,0.02509294524165051
236,rating_arousal_mean,0.012578500442855356
236,rating_sense_mean,0.0132627967996638
237,rating_imageability_mean,0.03006840368562158
237,rating_others_thoughts_mean,0.02359935819885428
237,rating_physical_mean,0.010306929817800237
237,rating_places_mean,0.011824761085692415
237,rating_valence_mean,0.025091775458986887
237,rating_arousal_mean,0.010360778602107712
237,rating_sense_mean,0.013258190551346027
238,rating_imageability_mean,0.030059950368575006
238,rating_others_thoughts_mean,0.02351993676451858
238,rating_physical_mean,0.010298188516878248
238,rating_places_mean,0.01182370474038108
238,rating_valence_mean,0.025084389127778328
238,rating_arousal_mean,0.010353686654202887
238,rating_sense_mean,0.011037694702165313
239,rating_imageability_mean,0.02583687203435836
239,rating_others_thoughts_mean,0.023474341306837232
239,rating_physical_mean,0.010245068087714082
239,rating_places_mean,0.01181098723038465
239,rating_valence_mean,0.025074870534475324
239,rating_arousal_mean,0.010353065324019806
239,rating_sense_mean,0.011037535602942627
240,rating_imageability_mean,0.025718356228131678
240,rating_others_thoughts_mean,0.018459452845312252
240,rating_physical_mean,0.010240420393184846
240,rating_places_mean,0.011793772948407222
240,rating_valence_mean,0.025054035487508952
240,rating_arousal_mean,0.01035301530816668
240,rating_sense_mean,0.010913942817881161
241,rating_imageability_mean,0.025673296508219146
241,rating_others_thoughts_mean,0.0184594618710463
241,rating_physical_mean,0.008561786506361413
241,rating_places_mean,0.011790637981406449
241,rating_valence_mean,0.025041594387851696
241,rating_arousal_mean,0.010348396155037132
241,rating_sense_mean,0.010913843268087642
242,rating_imageability_mean,0.025671910840112
242,rating_others_thoughts_mean,0.018435736145795856
242,rating_physical_mean,0.008561702459597642
242,rating_places_mean,0.00953466583026863
242,rating_valence_mean,0.025041543645894393
242,rating_arousal_mean,0.010346719102131141
242,rating_sense_mean,0.010913554402181669
243,rating_imageability_mean,0.02566853163310423
243,rating_others_thoughts_mean,0.01842208117873445
243,rating_physical_mean,0.00853919934671532
243,rating_places_mean,0.009530756237895122
243,rating_valence_mean,0.02129668923839345
243,rating_arousal_mean,0.010335212725831266
243,rating_sense_mean,0.010909005939421124
244,rating_imageability_mean,0.0256645734184896
244,rating_others_thoughts_mean,0.018395065461089155
244,rating_physical_mean,0.0085249150208212
244,rating_places_mean,0.009524295091443702
244,rating_valence_mean,0.021281027643204053
244,rating_arousal_mean,0.00844760874475714
244,rating_sense_mean,0.010897104024671811
245,rating_imageability_mean,0.025663426111590892
245,rating_others_thoughts_mean,0.018203034305657062
245,rating_physical_mean,0.008519787020028646
245,rating_places_mean,0.009494958353733707
245,rating_valence_mean,0.021269649357129827
245,rating_arousal_mean,0.00844697810797801
245,rating_sense_mean,0.008915778912423455
246,rating_imageability_mean,0.022289273330752923
246,rating_others_thoughts_mean,0.01815849974947681
246,rating_physical_mean,0.00851915223087052
246,rating_places_mean,0.009468389794608845
246,rating_valence_mean,0.021268982566099215
246,rating_arousal_mean,0.008446973732474605
246,rating_sense_mean,0.008915765812601784
247,rating_imageability_mean,0.022236956636243477
247,rating_others_thoughts_mean,0.014227197387901791
247,rating_physical_mean,0.008516476064085121
247,rating_places_mean,0.009431183798416676
247,rating_valence_mean,0.02126391977220088
247,rating_arousal_mean,0.008444267868869204
247,rating_sense_mean,0.008879833870453546
248,rating_imageability_mean,0.022233430613543215
248,rating_others_thoughts_mean,0.014225929721272124
248,rating_physical_mean,0.007043612079806305
248,rating_places_mean,0.009428835043434836
248,rating_valence_mean,0.021177428711136037
248,rating_arousal_mean,0.008436211306553365
248,rating_sense_mean,0.008867473834205275
249,rating_imageability_mean,0.02217974271505352
249,rating_others_thoughts_mean,0.01422559079161656
249,rating_physical_mean,0.00704349962518358
249,rating_places_mean,0.007557221798887848
249,rating_valence_mean,0.021169453802546423
249,rating_arousal_mean,0.008430445668707653
249,rating_sense_mean,0.008854905883120101
250,rating_imageability_mean,0.022171186932195552
250,rating_others_thoughts_mean,0.014224601855696073
250,rating_physical_mean,0.0069984075399330825
250,rating_places_mean,0.007554569564978131
250,rating_valence_mean,0.01838206239032225
250,rating_arousal_mean,0.00842367219875173
250,rating_sense_mean,0.008854864167408438
251,rating_imageability_mean,0.022169109849080937
251,rating_others_thoughts_mean,0.014224607058028083
251,rating_physical_mean,0.006997226662355582
251,rating_places_mean,0.007551817033452868
251,rating_valence_mean,0.018345835344737327
251,rating_arousal_mean,0.006746598601043652
251,rating_sense_mean,0.00885412008945441
252,rating_imageability_mean,0.022162520165263322
252,rating_others_thoughts_mean,0.014168468059309158
252,rating_physical_mean,0.0069903679556333476
252,rating_places_mean,0.0075279053266988916
252,rating_valence_mean,0.018341938495369803
252,rating_arousal_mean,0.006717493362579652
252,rating_sense_mean,0.007240172004866596
253,rating_imageability_mean,0.018505763504109485
253,rating_others_thoughts_mean,0.014141895047837694
253,rating_physical_mean,0.0069902012594263985
253,rating_places_mean,0.007522585150656735
253,rating_valence_mean,0.018329423131629774
253,rating_arousal_mean,0.006717423043355764
253,rating_sense_mean,0.007240021999374235
254,rating_imageability_mean,0.018493107433201206
254,rating_others_thoughts_mean,0.011058546768273003
254,rating_physical_mean,0.006990013083116531
254,rating_places_mean,0.007522513646012641
254,rating_valence_mean,0.01832208990768147
254,rating_arousal_mean,0.006713522326861621
254,rating_sense_mean,0.007206118508490622
255,rating_imageability_mean,0.01847398593253713
255,rating_others_thoughts_mean,0.011055882408241957
255,rating_physical_mean,0.005466999326156685
255,rating_places_mean,0.00752250097388607
255,rating_valence_mean,0.01816698873471989
255,rating_arousal_mean,0.006699628568261451
255,rating_sense_mean,0.007203480824471309
256,rating_imageability_mean,0.018448634900739336
256,rating_others_thoughts_mean,0.011055391352478794
256,rating_physical_mean,0.005466404854711726
256,rating_places_mean,0.006000170240275771
256,rating_valence_mean,0.01814267728714969
256,rating_arousal_mean,0.006699459224143278
256,rating_sense_mean,0.007198223476921672
257,rating_imageability_mean,0.018435838963426043
257,rating_others_thoughts_mean,0.0110544817913526
257,rating_physical_mean,0.005443854097916034
257,rating_places_mean,0.0059997740800601385
257,rating_valence_mean,0.015445925656904502
257,rating_arousal_mean,0.006689901821921973
257,rating_sense_mean,0.007192672698025815
258,rating_imageability_mean,0.018434129283844136
258,rating_others_thoughts_mean,0.011037887348375741
258,rating_physical_mean,0.005443430378400449
258,rating_places_mean,0.005989114616684943
258,rating_valence_mean,0.015443079887680233
258,rating_arousal_mean,0.005346807635020379
258,rating_sense_mean,0.007149974549548577
259,rating_imageability_mean,0.018430249869659132
259,rating_others_thoughts_mean,0.011008009035548438
259,rating_physical_mean,0.005443337871565479
259,rating_places_mean,0.005940157691098236
259,rating_valence_mean,0.015439452342764226
259,rating_arousal_mean,0.005330481945557297
259,rating_sense_mean,0.005970046489976677
260,rating_imageability_mean,0.01550837789926196
260,rating_others_thoughts_mean,0.010995745654816425
260,rating_physical_mean,0.005437401157245891
260,rating_places_mean,0.005910380737643273
260,rating_valence_mean,0.01541721527267359
260,rating_arousal_mean,0.005329827192062875
260,rating_sense_mean,0.005968965409945626
261,rating_imageability_mean,0.01550530527272409
261,rating_others_thoughts_mean,0.008541720907191741
261,rating_physical_mean,0.005437254830055749
261,rating_places_mean,0.0059098479253030245
261,rating_valence_mean,0.0154114243658795
261,rating_arousal_mean,0.0053180119601135
261,rating_sense_mean,0.005937689329602591
262,rating_imageability_mean,0.015416776558116796
262,rating_others_thoughts_mean,0.008530523008395297
262,rating_physical_mean,0.004344151943433627
262,rating_places_mean,0.005904498265244307
262,rating_valence_mean,0.015398949511612803
262,rating_arousal_mean,0.005317758426791941
262,rating_sense_mean,0.005927949836581847
263,rating_imageability_mean,0.01540439586623521
263,rating_others_thoughts_mean,0.008526111864454733
263,rating_physical_mean,0.0043372100077422315
263,rating_places_mean,0.004627139027981397
263,rating_valence_mean,0.015398320580207514
263,rating_arousal_mean,0.005317766344415498
263,rating_sense_mean,0.005927006333878104
264,rating_imageability_mean,0.01540043162905258
264,rating_others_thoughts_mean,0.008521854206580914
264,rating_physical_mean,0.004335327940368949
264,rating_places_mean,0.004626976230156954
264,rating_valence_mean,0.012849059710909994
264,rating_arousal_mean,0.00531416308713295
264,rating_sense_mean,0.00591914448265396
265,rating_imageability_mean,0.01539812915351646
265,rating_others_thoughts_mean,0.008518433110700774
265,rating_physical_mean,0.004319083968443493
265,rating_places_mean,0.004616961641559669
265,rating_valence_mean,0.012849033486728612
265,rating_arousal_mean,0.004270624435885884
265,rating_sense_mean,0.005912923878096388
266,rating_imageability_mean,0.015394969993051233
266,rating_others_thoughts_mean,0.008498440198249746
266,rating_physical_mean,0.004317860646560923
266,rating_places_mean,0.004616170609907599
266,rating_valence_mean,0.012847606885440288
266,rating_arousal_mean,0.004242964233016733
266,rating_sense_mean,0.004806742487032278
267,rating_imageability_mean,0.013425670340367457
267,rating_others_thoughts_mean,0.008475645279776844
267,rating_physical_mean,0.004301553244632661
267,rating_places_mean,0.004587691367049063
267,rating_valence_mean,0.012843445704882273
267,rating_arousal_mean,0.004236615214430972
267,rating_sense_mean,0.004806537336107475
268,rating_imageability_mean,0.013425621817768962
268,rating_others_thoughts_mean,0.006654181183631702
268,rating_physical_mean,0.004288395878088269
268,rating_places_mean,0.004586679166867502
268,rating_valence_mean,0.012843100379307915
268,rating_arousal_mean,0.004233380377153817
268,rating_sense_mean,0.004800920703526779
269,rating_imageability_mean,0.013388917981827175
269,rating_others_thoughts_mean,0.006617828886481769
269,rating_physical_mean,0.0033995143998479804
269,rating_places_mean,0.004573280110877653
269,rating_valence_mean,0.012826606706013988
269,rating_arousal_mean,0.004218720273644783
269,rating_sense_mean,0.004800594645221645
270,rating_imageability_mean,0.013343476548248634
270,rating_others_thoughts_mean,0.00661714383047074
270,rating_physical_mean,0.0033992603349137784
270,rating_places_mean,0.003589446865712609
270,rating_valence_mean,0.01282660391280066
270,rating_arousal_mean,0.004216874509297752
270,rating_sense_mean,0.004800018235021297
271,rating_imageability_mean,0.013330384041006837
271,rating_others_thoughts_mean,0.006616928728351623
271,rating_physical_mean,0.0033950387710933727
271,rating_places_mean,0.0035879046143890703
271,rating_valence_mean,0.010669485243159027
271,rating_arousal_mean,0.004216830877196376
271,rating_sense_mean,0.004798527484655146
272,rating_imageability_mean,0.01332957405556523
272,rating_others_thoughts_mean,0.00661234732822269
272,rating_physical_mean,0.003388348525722562
272,rating_places_mean,0.0035723833556896567
272,rating_valence_mean,0.010668562489251077
272,rating_arousal_mean,0.0034493715073284914
272,rating_sense_mean,0.004781339070203949
273,rating_imageability_mean,0.013329113907669998
273,rating_others_thoughts_mean,0.006581957040476594
273,rating_physical_mean,0.003388318958829295
273,rating_places_mean,0.003571208991761221
273,rating_valence_mean,0.010649314301239055
273,rating_arousal_mean,0.0034314746562053022
273,rating_sense_mean,0.0038720865935331084
274,rating_imageability_mean,0.011522432165562813
274,rating_others_thoughts_mean,0.006580818827418233
274,rating_physical_mean,0.0033722416228645358
274,rating_places_mean,0.00355698086666445
274,rating_valence_mean,0.010645957434198383
274,rating_arousal_mean,0.0034299306380434214
274,rating_sense_mean,0.0038669286920730572
275,rating_imageability_mean,0.011518944779477902
275,rating_others_thoughts_mean,0.005253523132592197
275,rating_physical_mean,0.0033722336046229096
275,rating_places_mean,0.0035568168477013717
275,rating_valence_mean,0.010645944739875013
275,rating_arousal_mean,0.003429677074375581
275,rating_sense_mean,0.0038500650981194706
276,rating_imageability_mean,0.011459311568236097
276,rating_others_thoughts_mean,0.005208432576144673
276,rating_physical_mean,0.0026941252957740636
276,rating_places_mean,0.003556316826043515
276,rating_valence_mean,0.010593387264238419
276,rating_arousal_mean,0.003426217519326702
276,rating_sense_mean,0.0038491809661350684
277,rating_imageability_mean,0.01140279931543331
277,rating_others_thoughts_mean,0.005200760195556375
277,rating_physical_mean,0.002693991891023706
277,rating_places_mean,0.0027629957282628848
277,rating_valence_mean,0.01058415954040548
277,rating_arousal_mean,0.00341834982689182
277,rating_sense_mean,0.003848001611774232
278,rating_imageability_mean,0.011395341455486374
278,rating_others_thoughts_mean,0.005196827026218376
278,rating_physical_mean,0.0026833931189007565
278,rating_places_mean,0.002762877612561221
278,rating_valence_mean,0.00885783338818591
278,rating_arousal_mean,0.0034164345331118007
278,rating_sense_mean,0.0038278485138372176
279,rating_imageability_mean,0.011366288358340082
279,rating_others_thoughts_mean,0.005196117942884548
279,rating_physical_mean,0.0026732890868504944
279,rating_places_mean,0.002760619045546253
279,rating_valence_mean,0.008857596020669933
279,rating_arousal_mean,0.0027885167931613886
279,rating_sense_mean,0.0038261000069634843
280,rating_imageability_mean,0.011350915365442749
280,rating_others_thoughts_mean,0.0051867242700511795
280,rating_physical_mean,0.002668897314363927
280,rating_places_mean,0.002760503326639352
280,rating_valence_mean,0.008857083219588557
280,rating_arousal_mean,0.002786002134313459
280,rating_sense_mean,0.003029228303752851
281,rating_imageability_mean,0.009578116410669524
281,rating_others_thoughts_mean,0.0051751800423707195
281,rating_physical_mean,0.0026617206250102443
281,rating_places_mean,0.0027569183670961284
281,rating_valence_mean,0.008856603071176083
281,rating_arousal_mean,0.0027858051244090687
281,rating_sense_mean,0.0030288190060772102
282,rating_imageability_mean,0.009568868744343595
282,rating_others_thoughts_mean,0.0040912387085548785
282,rating_physical_mean,0.002643999907002259
282,rating_places_mean,0.0027566461830295097
282,rating_valence_mean,0.008854443649897514
282,rating_arousal_mean,0.002785575029048082
282,rating_sense_mean,0.003028804095888904
283,rating_imageability_mean,0.009545682242123599
283,rating_others_thoughts_mean,0.00404404758815724
283,rating_physical_mean,0.0020315546993699973
283,rating_places_mean,0.0027521403321015825
283,rating_valence_mean,0.008807689675673136
283,rating_arousal_mean,0.002757449929062239
283,rating_sense_mean,0.003021886305656918
284,rating_imageability_mean,0.009543366117118701
284,rating_others_thoughts_mean,0.004038298451691569
284,rating_physical_mean,0.0020313896235826245
284,rating_places_mean,0.0021122272564364497
284,rating_valence_mean,0.008787641663290269
284,rating_arousal_mean,0.0027430320934109798
284,rating_sense_mean,0.003021706120506562
285,rating_imageability_mean,0.00953874968694901
285,rating_others_thoughts_mean,0.004037797063215942
285,rating_physical_mean,0.002027955608628784
285,rating_places_mean,0.0021104669528939635
285,rating_valence_mean,0.0071643620147912035
285,rating_arousal_mean,0.00274040599779668
285,rating_sense_mean,0.0030086918195953993
286,rating_imageability_mean,0.009516795496568586
286,rating_others_thoughts_mean,0.004036405938742549
286,rating_physical_mean,0.0020204624301868312
286,rating_places_mean,0.0021094181743671614
286,rating_valence_mean,0.007162516518733897
286,rating_arousal_mean,0.002197636640654088
286,rating_sense_mean,0.0030019080970172807
287,rating_imageability_mean,0.009504375875933668
287,rating_others_thoughts_mean,0.004034654764569323
287,rating_physical_mean,0.002015217530313751
287,rating_places_mean,0.002105584695553442
287,rating_valence_mean,0.007125759860021508
287,rating_arousal_mean,0.002194573825731183
287,rating_sense_mean,0.002397319195121095
